{
"type": "FeatureCollection",
"name": "risk_public",
"crs": { "type": "name", "properties": { "name": "urn:ogc:def:crs:OGC:1.3:CRS84" } },
"features": [
{ "type": "Feature", "properties": { "risk_class": 2 }, "geometry": { "type": "MultiPolygon", "coordinates": [ [ [ [ 70.908051, 50.959011 ], [ 70.89382, 50.959242 ], [ 70.894186, 50.96823 ], [ 70.894551, 50.977218 ], [ 70.908788, 50.976986 ], [ 70.923024, 50.976752 ], [ 70.93726, 50.976517 ], [ 70.951495, 50.97628 ], [ 70.965731, 50.976041 ], [ 70.979966, 50.975801 ], [ 70.979584, 50.966813 ], [ 70.993817, 50.966571 ], [ 71.008049, 50.966327 ], [ 71.022281, 50.966082 ], [ 71.022671, 50.975069 ], [ 71.036906, 50.974821 ], [ 71.05114, 50.974572 ], [ 71.051536, 50.983559 ], [ 71.065773, 50.983308 ], [ 71.08001, 50.983055 ], [ 71.094246, 50.982801 ], [ 71.093842, 50.973814 ], [ 71.079608, 50.974069 ], [ 71.079207, 50.965082 ], [ 71.078806, 50.956095 ], [ 71.078405, 50.947109 ], [ 71.078004, 50.938122 ], [ 71.077603, 50.929135 ], [ 71.063383, 50.929387 ], [ 71.063781, 50.938374 ], [ 71.049558, 50.938625 ], [ 71.035334, 50.938874 ], [ 71.021111, 50.939121 ], [ 71.006887, 50.939366 ], [ 71.007274, 50.948353 ], [ 70.993047, 50.948597 ], [ 70.97882, 50.948839 ], [ 70.979202, 50.957826 ], [ 70.964972, 50.958067 ], [ 70.965352, 50.967054 ], [ 70.951119, 50.967293 ], [ 70.950742, 50.958305 ], [ 70.936512, 50.958542 ], [ 70.922281, 50.958777 ], [ 70.908051, 50.959011 ] ] ], [ [ [ 70.923767, 50.994727 ], [ 70.938008, 50.994492 ], [ 70.937634, 50.985504 ], [ 70.923395, 50.98574 ], [ 70.909156, 50.985973 ], [ 70.894917, 50.986205 ], [ 70.895283, 50.995193 ], [ 70.89565, 51.00418 ], [ 70.909894, 51.003948 ], [ 70.924139, 51.003715 ], [ 70.923767, 50.994727 ] ] ], [ [ [ 70.967251, 51.01199 ], [ 70.966871, 51.003003 ], [ 70.966491, 50.994016 ], [ 70.95225, 50.994254 ], [ 70.952627, 51.003242 ], [ 70.953004, 51.012229 ], [ 70.967251, 51.01199 ] ] ], [ [ [ 70.925255, 51.030677 ], [ 70.911003, 51.030911 ], [ 70.89675, 51.031143 ], [ 70.897117, 51.040131 ], [ 70.911372, 51.039898 ], [ 70.911742, 51.048886 ], [ 70.926001, 51.048651 ], [ 70.925628, 51.039664 ], [ 70.925255, 51.030677 ] ] ], [ [ [ 70.940634, 51.057403 ], [ 70.940259, 51.048416 ], [ 70.926001, 51.048651 ], [ 70.926374, 51.057639 ], [ 70.940634, 51.057403 ] ] ], [ [ [ 70.969918, 51.0749 ], [ 70.969537, 51.065913 ], [ 70.983799, 51.065671 ], [ 70.983415, 51.056684 ], [ 70.983031, 51.047697 ], [ 70.968774, 51.047938 ], [ 70.969155, 51.056926 ], [ 70.954895, 51.057165 ], [ 70.940634, 51.057403 ], [ 70.94101, 51.06639 ], [ 70.926747, 51.066626 ], [ 70.92712, 51.075613 ], [ 70.941386, 51.075377 ], [ 70.955652, 51.075139 ], [ 70.969918, 51.0749 ] ] ], [ [ [ 70.956411, 51.093114 ], [ 70.970682, 51.092874 ], [ 70.9703, 51.083887 ], [ 70.956031, 51.084127 ], [ 70.956411, 51.093114 ] ] ], [ [ [ 70.885417, 51.103274 ], [ 70.899692, 51.103043 ], [ 70.899323, 51.094055 ], [ 70.885051, 51.094286 ], [ 70.885417, 51.103274 ] ] ], [ [ [ 70.913967, 51.10281 ], [ 70.899692, 51.103043 ], [ 70.90006, 51.11203 ], [ 70.914338, 51.111797 ], [ 70.91471, 51.120784 ], [ 70.92899, 51.12055 ], [ 70.928615, 51.111562 ], [ 70.928241, 51.102575 ], [ 70.913967, 51.10281 ] ] ], [ [ [ 70.971829, 51.119835 ], [ 70.95755, 51.120075 ], [ 70.94327, 51.120313 ], [ 70.92899, 51.12055 ], [ 70.929364, 51.129537 ], [ 70.943647, 51.1293 ], [ 70.95793, 51.129062 ], [ 70.972212, 51.128822 ], [ 70.971829, 51.119835 ] ] ], [ [ [ 70.887248, 51.148211 ], [ 70.887614, 51.157198 ], [ 70.901906, 51.156967 ], [ 70.902276, 51.165954 ], [ 70.91657, 51.165721 ], [ 70.930864, 51.165485 ], [ 70.945158, 51.165249 ], [ 70.945536, 51.174236 ], [ 70.959833, 51.173997 ], [ 70.960214, 51.182984 ], [ 70.945915, 51.183223 ], [ 70.931615, 51.18346 ], [ 70.917316, 51.183695 ], [ 70.917689, 51.192682 ], [ 70.903386, 51.192916 ], [ 70.889083, 51.193148 ], [ 70.889451, 51.202135 ], [ 70.889819, 51.211122 ], [ 70.890187, 51.22011 ], [ 70.890555, 51.229097 ], [ 70.890924, 51.238084 ], [ 70.905241, 51.237852 ], [ 70.919557, 51.237618 ], [ 70.919183, 51.228631 ], [ 70.933497, 51.228395 ], [ 70.94781, 51.228158 ], [ 70.94743, 51.219171 ], [ 70.947051, 51.210184 ], [ 70.961359, 51.209945 ], [ 70.960977, 51.200958 ], [ 70.975282, 51.200717 ], [ 70.974897, 51.19173 ], [ 70.989199, 51.191488 ], [ 71.0035, 51.191244 ], [ 71.003111, 51.182257 ], [ 71.017409, 51.182011 ], [ 71.017017, 51.173025 ], [ 71.031312, 51.172777 ], [ 71.030917, 51.163791 ], [ 71.016625, 51.164038 ], [ 71.016233, 51.155051 ], [ 71.015841, 51.146065 ], [ 71.001554, 51.14631 ], [ 70.987266, 51.146554 ], [ 70.972978, 51.146796 ], [ 70.95869, 51.147036 ], [ 70.95831, 51.138049 ], [ 70.944025, 51.138287 ], [ 70.929739, 51.138524 ], [ 70.929364, 51.129537 ], [ 70.915081, 51.129772 ], [ 70.900798, 51.130005 ], [ 70.900429, 51.121017 ], [ 70.886148, 51.121249 ], [ 70.886515, 51.130236 ], [ 70.886881, 51.139224 ], [ 70.887248, 51.148211 ] ] ], [ [ [ 70.962123, 51.227918 ], [ 70.976436, 51.227678 ], [ 70.976051, 51.218691 ], [ 70.990361, 51.218448 ], [ 70.989973, 51.209461 ], [ 71.00428, 51.209217 ], [ 71.00389, 51.20023 ], [ 70.989586, 51.200475 ], [ 70.975282, 51.200717 ], [ 70.975666, 51.209704 ], [ 70.961359, 51.209945 ], [ 70.961741, 51.218932 ], [ 70.962123, 51.227918 ] ] ], [ [ [ 70.977207, 51.245651 ], [ 70.962888, 51.245892 ], [ 70.962505, 51.236905 ], [ 70.962123, 51.227918 ], [ 70.94781, 51.228158 ], [ 70.94819, 51.237145 ], [ 70.948569, 51.246131 ], [ 70.948949, 51.255118 ], [ 70.963271, 51.254879 ], [ 70.977592, 51.254638 ], [ 70.977207, 51.245651 ] ] ], [ [ [ 70.92068, 51.264579 ], [ 70.935005, 51.264343 ], [ 70.934628, 51.255356 ], [ 70.920306, 51.255592 ], [ 70.92068, 51.264579 ] ] ], [ [ [ 70.8924, 51.274033 ], [ 70.906727, 51.2738 ], [ 70.906355, 51.264813 ], [ 70.89203, 51.265046 ], [ 70.8924, 51.274033 ] ] ], [ [ [ 70.965572, 51.3088 ], [ 70.97991, 51.308558 ], [ 70.979523, 51.299571 ], [ 70.965188, 51.299813 ], [ 70.965572, 51.3088 ] ] ], [ [ [ 70.893878, 51.309981 ], [ 70.894249, 51.318968 ], [ 70.90859, 51.318736 ], [ 70.922932, 51.318501 ], [ 70.937274, 51.318264 ], [ 70.936895, 51.309278 ], [ 70.922556, 51.309514 ], [ 70.908217, 51.309749 ], [ 70.893878, 51.309981 ] ] ], [ [ [ 70.967495, 51.353733 ], [ 70.981847, 51.353491 ], [ 70.981459, 51.344505 ], [ 70.96711, 51.344746 ], [ 70.967495, 51.353733 ] ] ], [ [ [ 70.939169, 51.363199 ], [ 70.953525, 51.36296 ], [ 70.953142, 51.353973 ], [ 70.95276, 51.344987 ], [ 70.93841, 51.345225 ], [ 70.93879, 51.354212 ], [ 70.924437, 51.354449 ], [ 70.910084, 51.354683 ], [ 70.895731, 51.354917 ], [ 70.896102, 51.363904 ], [ 70.910458, 51.36367 ], [ 70.924814, 51.363435 ], [ 70.939169, 51.363199 ] ] ], [ [ [ 70.939929, 51.381172 ], [ 70.940309, 51.390159 ], [ 70.954673, 51.38992 ], [ 70.955056, 51.398907 ], [ 70.969422, 51.398666 ], [ 70.983789, 51.398424 ], [ 70.984178, 51.40741 ], [ 70.998546, 51.407166 ], [ 71.012915, 51.40692 ], [ 71.01331, 51.415906 ], [ 71.027681, 51.415659 ], [ 71.028079, 51.424645 ], [ 71.042452, 51.424395 ], [ 71.056826, 51.424144 ], [ 71.071199, 51.42389 ], [ 71.085572, 51.423636 ], [ 71.099945, 51.423379 ], [ 71.114318, 51.42312 ], [ 71.113903, 51.414135 ], [ 71.099533, 51.414393 ], [ 71.099122, 51.405407 ], [ 71.084754, 51.405664 ], [ 71.070387, 51.405919 ], [ 71.069981, 51.396933 ], [ 71.055616, 51.397185 ], [ 71.041251, 51.397437 ], [ 71.040851, 51.38845 ], [ 71.026489, 51.3887 ], [ 71.026092, 51.379714 ], [ 71.011732, 51.379961 ], [ 71.011338, 51.370975 ], [ 70.99698, 51.37122 ], [ 70.982623, 51.371464 ], [ 70.968265, 51.371706 ], [ 70.953907, 51.371947 ], [ 70.939549, 51.372185 ], [ 70.925191, 51.372422 ], [ 70.925568, 51.381409 ], [ 70.939929, 51.381172 ] ] ], [ [ [ 70.970582, 51.425626 ], [ 70.984956, 51.425383 ], [ 70.984567, 51.416397 ], [ 70.970195, 51.416639 ], [ 70.955823, 51.41688 ], [ 70.956207, 51.425867 ], [ 70.970582, 51.425626 ] ] ], [ [ [ 70.991895, 50.921636 ], [ 70.992279, 50.930623 ], [ 71.0065, 50.930379 ], [ 71.020721, 50.930134 ], [ 71.020332, 50.921147 ], [ 71.006113, 50.921392 ], [ 70.991895, 50.921636 ] ] ], [ [ [ 71.023062, 50.984056 ], [ 71.023453, 50.993042 ], [ 71.037693, 50.992795 ], [ 71.051933, 50.992546 ], [ 71.051536, 50.983559 ], [ 71.037299, 50.983808 ], [ 71.023062, 50.984056 ] ] ], [ [ [ 70.980731, 50.993775 ], [ 70.994972, 50.993532 ], [ 70.994587, 50.984545 ], [ 70.980349, 50.984788 ], [ 70.980731, 50.993775 ] ] ], [ [ [ 71.025018, 51.02899 ], [ 71.024627, 51.020003 ], [ 71.010378, 51.020249 ], [ 71.010767, 51.029236 ], [ 70.996516, 51.029481 ], [ 70.996902, 51.038468 ], [ 71.011156, 51.038223 ], [ 71.02541, 51.037977 ], [ 71.025018, 51.02899 ] ] ], [ [ [ 71.068571, 51.046214 ], [ 71.082827, 51.045961 ], [ 71.08323, 51.054947 ], [ 71.097489, 51.054692 ], [ 71.097083, 51.045706 ], [ 71.096677, 51.036719 ], [ 71.082424, 51.036974 ], [ 71.068171, 51.037228 ], [ 71.067771, 51.028241 ], [ 71.05352, 51.028492 ], [ 71.053918, 51.037479 ], [ 71.054315, 51.046466 ], [ 71.068571, 51.046214 ] ] ], [ [ [ 70.998062, 51.065428 ], [ 70.983799, 51.065671 ], [ 70.984184, 51.074658 ], [ 70.969918, 51.0749 ], [ 70.9703, 51.083887 ], [ 70.984568, 51.083645 ], [ 70.998837, 51.083402 ], [ 70.998449, 51.074415 ], [ 70.998062, 51.065428 ] ] ], [ [ [ 71.070576, 51.091147 ], [ 71.070175, 51.08216 ], [ 71.055907, 51.082412 ], [ 71.056306, 51.091399 ], [ 71.070576, 51.091147 ] ] ], [ [ [ 71.056705, 51.100385 ], [ 71.056306, 51.091399 ], [ 71.042036, 51.091649 ], [ 71.042432, 51.100636 ], [ 71.028159, 51.100884 ], [ 71.028552, 51.109871 ], [ 71.014276, 51.110118 ], [ 71.014667, 51.119104 ], [ 71.028946, 51.118857 ], [ 71.043225, 51.118609 ], [ 71.057503, 51.118358 ], [ 71.057104, 51.109372 ], [ 71.056705, 51.100385 ] ] ], [ [ [ 71.000388, 51.11935 ], [ 70.986109, 51.119593 ], [ 70.986494, 51.12858 ], [ 71.000776, 51.128336 ], [ 71.015058, 51.128091 ], [ 71.014667, 51.119104 ], [ 71.000388, 51.11935 ] ] ], [ [ [ 71.046005, 51.181515 ], [ 71.060303, 51.181264 ], [ 71.059903, 51.172277 ], [ 71.045607, 51.172528 ], [ 71.046005, 51.181515 ] ] ], [ [ [ 71.046403, 51.190501 ], [ 71.046005, 51.181515 ], [ 71.031707, 51.181764 ], [ 71.032103, 51.19075 ], [ 71.046403, 51.190501 ] ] ], [ [ [ 71.018194, 51.199985 ], [ 71.032498, 51.199737 ], [ 71.032103, 51.19075 ], [ 71.017802, 51.190998 ], [ 71.018194, 51.199985 ] ] ], [ [ [ 71.0472, 51.208474 ], [ 71.061506, 51.208223 ], [ 71.061105, 51.199236 ], [ 71.046802, 51.199487 ], [ 71.0472, 51.208474 ] ] ], [ [ [ 71.01898, 51.217958 ], [ 71.03329, 51.21771 ], [ 71.032894, 51.208723 ], [ 71.018587, 51.208971 ], [ 71.01898, 51.217958 ] ] ], [ [ [ 71.049196, 51.253406 ], [ 71.048796, 51.24442 ], [ 71.034479, 51.244669 ], [ 71.034875, 51.253656 ], [ 71.049196, 51.253406 ] ] ], [ [ [ 71.050796, 51.289351 ], [ 71.050396, 51.280365 ], [ 71.064724, 51.280113 ], [ 71.064321, 51.271127 ], [ 71.063918, 51.26214 ], [ 71.078241, 51.261887 ], [ 71.078647, 51.270873 ], [ 71.079052, 51.279859 ], [ 71.09338, 51.279604 ], [ 71.092972, 51.270618 ], [ 71.092564, 51.261632 ], [ 71.106886, 51.261375 ], [ 71.121208, 51.261116 ], [ 71.13553, 51.260856 ], [ 71.149851, 51.260593 ], [ 71.149432, 51.251608 ], [ 71.163751, 51.251344 ], [ 71.178069, 51.251078 ], [ 71.177644, 51.242092 ], [ 71.19196, 51.241825 ], [ 71.206275, 51.241556 ], [ 71.205845, 51.232571 ], [ 71.191533, 51.23284 ], [ 71.17722, 51.233107 ], [ 71.162907, 51.233372 ], [ 71.162486, 51.224387 ], [ 71.148176, 51.22465 ], [ 71.148594, 51.233636 ], [ 71.134281, 51.233898 ], [ 71.119967, 51.234158 ], [ 71.120381, 51.243144 ], [ 71.120794, 51.25213 ], [ 71.106475, 51.252389 ], [ 71.092155, 51.252646 ], [ 71.077836, 51.252901 ], [ 71.063516, 51.253154 ], [ 71.049196, 51.253406 ], [ 71.049595, 51.262392 ], [ 71.049995, 51.271379 ], [ 71.03567, 51.271629 ], [ 71.036067, 51.280615 ], [ 71.021738, 51.280863 ], [ 71.022133, 51.28985 ], [ 71.036464, 51.289601 ], [ 71.050796, 51.289351 ] ], [ [ 71.135113, 51.25187 ], [ 71.134697, 51.242884 ], [ 71.149013, 51.242622 ], [ 71.149432, 51.251608 ], [ 71.135113, 51.25187 ] ] ], [ [ [ 71.008585, 51.30807 ], [ 71.022923, 51.307823 ], [ 71.03726, 51.307574 ], [ 71.036862, 51.298588 ], [ 71.022528, 51.298836 ], [ 71.022133, 51.28985 ], [ 71.007801, 51.290097 ], [ 70.993469, 51.290342 ], [ 70.979136, 51.290585 ], [ 70.979523, 51.299571 ], [ 70.993858, 51.299328 ], [ 70.994248, 51.308315 ], [ 71.008585, 51.30807 ] ] ], [ [ [ 70.995418, 51.335274 ], [ 70.995808, 51.344261 ], [ 71.010157, 51.344015 ], [ 71.009764, 51.335029 ], [ 70.995418, 51.335274 ] ] ], [ [ [ 71.010944, 51.361988 ], [ 71.025298, 51.361741 ], [ 71.024902, 51.352755 ], [ 71.024506, 51.343768 ], [ 71.010157, 51.344015 ], [ 71.01055, 51.353002 ], [ 70.996199, 51.353247 ], [ 70.981847, 51.353491 ], [ 70.982235, 51.362478 ], [ 70.996589, 51.362234 ], [ 71.010944, 51.361988 ] ] ], [ [ [ 71.026092, 51.379714 ], [ 71.040451, 51.379464 ], [ 71.054811, 51.379213 ], [ 71.054408, 51.370227 ], [ 71.054006, 51.361241 ], [ 71.039652, 51.361492 ], [ 71.040052, 51.370478 ], [ 71.025695, 51.370727 ], [ 71.026092, 51.379714 ] ] ], [ [ [ 71.161255, 50.891641 ], [ 71.160839, 50.882654 ], [ 71.146633, 50.882916 ], [ 71.147046, 50.891903 ], [ 71.161255, 50.891641 ] ] ], [ [ [ 71.11863, 50.892422 ], [ 71.132838, 50.892163 ], [ 71.132428, 50.883177 ], [ 71.118222, 50.883436 ], [ 71.11863, 50.892422 ] ] ], [ [ [ 71.175881, 50.900363 ], [ 71.190092, 50.900097 ], [ 71.18967, 50.891111 ], [ 71.175462, 50.891377 ], [ 71.175881, 50.900363 ] ] ], [ [ [ 71.104826, 50.901666 ], [ 71.119038, 50.901409 ], [ 71.11863, 50.892422 ], [ 71.104421, 50.892679 ], [ 71.104826, 50.901666 ] ] ], [ [ [ 71.133249, 50.90115 ], [ 71.13366, 50.910136 ], [ 71.147874, 50.909876 ], [ 71.162087, 50.909613 ], [ 71.1763, 50.909349 ], [ 71.175881, 50.900363 ], [ 71.161671, 50.900627 ], [ 71.14746, 50.900889 ], [ 71.133249, 50.90115 ] ] ], [ [ [ 71.077203, 50.920149 ], [ 71.09142, 50.919895 ], [ 71.091017, 50.910908 ], [ 71.076803, 50.911162 ], [ 71.077203, 50.920149 ] ] ], [ [ [ 71.119854, 50.919382 ], [ 71.105637, 50.919639 ], [ 71.106043, 50.928626 ], [ 71.120263, 50.928368 ], [ 71.119854, 50.919382 ] ] ], [ [ [ 71.121081, 50.946341 ], [ 71.120672, 50.937355 ], [ 71.106449, 50.937612 ], [ 71.106043, 50.928626 ], [ 71.091823, 50.928881 ], [ 71.092227, 50.937868 ], [ 71.09263, 50.946854 ], [ 71.093034, 50.955841 ], [ 71.107262, 50.955585 ], [ 71.12149, 50.955327 ], [ 71.121081, 50.946341 ] ] ], [ [ [ 71.136542, 50.973041 ], [ 71.13613, 50.964054 ], [ 71.121899, 50.964314 ], [ 71.122309, 50.9733 ], [ 71.136542, 50.973041 ] ] ], [ [ [ 71.108483, 50.982544 ], [ 71.122719, 50.982287 ], [ 71.122309, 50.9733 ], [ 71.108076, 50.973558 ], [ 71.108483, 50.982544 ] ] ], [ [ [ 71.165844, 50.990488 ], [ 71.165426, 50.981502 ], [ 71.15119, 50.981766 ], [ 71.151606, 50.990752 ], [ 71.165844, 50.990488 ] ] ], [ [ [ 71.137368, 50.991013 ], [ 71.136955, 50.982027 ], [ 71.122719, 50.982287 ], [ 71.123129, 50.991273 ], [ 71.137368, 50.991013 ] ] ], [ [ [ 71.066172, 50.992295 ], [ 71.066572, 51.001281 ], [ 71.066971, 51.010268 ], [ 71.067371, 51.019254 ], [ 71.081619, 51.019001 ], [ 71.081216, 51.010015 ], [ 71.080814, 51.001028 ], [ 71.080412, 50.992042 ], [ 71.066172, 50.992295 ] ] ], [ [ [ 71.166681, 51.008461 ], [ 71.1671, 51.017447 ], [ 71.181347, 51.017181 ], [ 71.195593, 51.016915 ], [ 71.195168, 51.007929 ], [ 71.180925, 51.008195 ], [ 71.166681, 51.008461 ] ] ], [ [ [ 71.096271, 51.027733 ], [ 71.095866, 51.018747 ], [ 71.081619, 51.019001 ], [ 71.082021, 51.027988 ], [ 71.096271, 51.027733 ] ] ], [ [ [ 71.210693, 51.034617 ], [ 71.210266, 51.025632 ], [ 71.196017, 51.0259 ], [ 71.181768, 51.026167 ], [ 71.182191, 51.035153 ], [ 71.196442, 51.034886 ], [ 71.210693, 51.034617 ] ] ], [ [ [ 71.154104, 51.044668 ], [ 71.168359, 51.044405 ], [ 71.182613, 51.044139 ], [ 71.182191, 51.035153 ], [ 71.167939, 51.035419 ], [ 71.153687, 51.035682 ], [ 71.154104, 51.044668 ] ] ], [ [ [ 71.141092, 51.071889 ], [ 71.140678, 51.062903 ], [ 71.140263, 51.053917 ], [ 71.126005, 51.054177 ], [ 71.126417, 51.063163 ], [ 71.126829, 51.072149 ], [ 71.141092, 51.071889 ] ] ], [ [ [ 71.184305, 51.080083 ], [ 71.19857, 51.079815 ], [ 71.198996, 51.088801 ], [ 71.199422, 51.097787 ], [ 71.213693, 51.097517 ], [ 71.214122, 51.106503 ], [ 71.214552, 51.115488 ], [ 71.228828, 51.115217 ], [ 71.228396, 51.106232 ], [ 71.227963, 51.097246 ], [ 71.242234, 51.096973 ], [ 71.241799, 51.087988 ], [ 71.241364, 51.079002 ], [ 71.255629, 51.078728 ], [ 71.255192, 51.069742 ], [ 71.24093, 51.070017 ], [ 71.240496, 51.061031 ], [ 71.226237, 51.061304 ], [ 71.211978, 51.061575 ], [ 71.212406, 51.07056 ], [ 71.198144, 51.070829 ], [ 71.183881, 51.071097 ], [ 71.184305, 51.080083 ] ] ], [ [ [ 71.155356, 51.071627 ], [ 71.141092, 51.071889 ], [ 71.141507, 51.080875 ], [ 71.127241, 51.081135 ], [ 71.127654, 51.090122 ], [ 71.128066, 51.099108 ], [ 71.142338, 51.098847 ], [ 71.141923, 51.089861 ], [ 71.156191, 51.089599 ], [ 71.155773, 51.080613 ], [ 71.155356, 51.071627 ] ] ], [ [ [ 71.128066, 51.099108 ], [ 71.113794, 51.099367 ], [ 71.114204, 51.108353 ], [ 71.114615, 51.117339 ], [ 71.115025, 51.126325 ], [ 71.115436, 51.135311 ], [ 71.129719, 51.135052 ], [ 71.129305, 51.126066 ], [ 71.128892, 51.11708 ], [ 71.128479, 51.108094 ], [ 71.128066, 51.099108 ] ] ], [ [ [ 71.071379, 51.10912 ], [ 71.085655, 51.108866 ], [ 71.08525, 51.099879 ], [ 71.070978, 51.100133 ], [ 71.071379, 51.10912 ] ] ], [ [ [ 71.186, 51.116026 ], [ 71.186424, 51.125012 ], [ 71.186848, 51.133997 ], [ 71.20113, 51.133729 ], [ 71.201558, 51.142715 ], [ 71.215842, 51.142445 ], [ 71.230126, 51.142174 ], [ 71.24441, 51.1419 ], [ 71.243975, 51.132915 ], [ 71.243539, 51.123929 ], [ 71.243104, 51.114944 ], [ 71.228828, 51.115217 ], [ 71.229261, 51.124203 ], [ 71.229693, 51.133188 ], [ 71.215412, 51.13346 ], [ 71.214982, 51.124474 ], [ 71.200703, 51.124744 ], [ 71.200276, 51.115758 ], [ 71.199849, 51.106772 ], [ 71.185576, 51.10704 ], [ 71.186, 51.116026 ] ] ], [ [ [ 71.058302, 51.136331 ], [ 71.072586, 51.136079 ], [ 71.072183, 51.127093 ], [ 71.057902, 51.127345 ], [ 71.058302, 51.136331 ] ] ], [ [ [ 71.13096, 51.16201 ], [ 71.145252, 51.161749 ], [ 71.144835, 51.152763 ], [ 71.144418, 51.143777 ], [ 71.130133, 51.144038 ], [ 71.115847, 51.144298 ], [ 71.116258, 51.153284 ], [ 71.101969, 51.153541 ], [ 71.102378, 51.162528 ], [ 71.102787, 51.171514 ], [ 71.117081, 51.171256 ], [ 71.131375, 51.170996 ], [ 71.13096, 51.16201 ] ] ], [ [ [ 71.173833, 51.161221 ], [ 71.188123, 51.160955 ], [ 71.187698, 51.151969 ], [ 71.173411, 51.152235 ], [ 71.173833, 51.161221 ] ] ], [ [ [ 71.159962, 51.170472 ], [ 71.159542, 51.161486 ], [ 71.145252, 51.161749 ], [ 71.145669, 51.170735 ], [ 71.159962, 51.170472 ] ] ], [ [ [ 71.160382, 51.179458 ], [ 71.174678, 51.179193 ], [ 71.174256, 51.170207 ], [ 71.159962, 51.170472 ], [ 71.160382, 51.179458 ] ] ], [ [ [ 71.146086, 51.179721 ], [ 71.145669, 51.170735 ], [ 71.131375, 51.170996 ], [ 71.131789, 51.179982 ], [ 71.146086, 51.179721 ] ] ], [ [ [ 71.088898, 51.180756 ], [ 71.088492, 51.17177 ], [ 71.074197, 51.172024 ], [ 71.074601, 51.181011 ], [ 71.088898, 51.180756 ] ] ], [ [ [ 71.090118, 51.207715 ], [ 71.090525, 51.216701 ], [ 71.104834, 51.216445 ], [ 71.119142, 51.216186 ], [ 71.13345, 51.215926 ], [ 71.133034, 51.20694 ], [ 71.118729, 51.2072 ], [ 71.118317, 51.198214 ], [ 71.104014, 51.198472 ], [ 71.104424, 51.207458 ], [ 71.090118, 51.207715 ] ] ], [ [ [ 71.175948, 51.20615 ], [ 71.176372, 51.215135 ], [ 71.176796, 51.224121 ], [ 71.191106, 51.223854 ], [ 71.190679, 51.214868 ], [ 71.190253, 51.205883 ], [ 71.175948, 51.20615 ] ] ], [ [ [ 71.137198, 51.296799 ], [ 71.137615, 51.305785 ], [ 71.151951, 51.305522 ], [ 71.15153, 51.296536 ], [ 71.137198, 51.296799 ] ] ], [ [ [ 71.166709, 51.314243 ], [ 71.166286, 51.305258 ], [ 71.151951, 51.305522 ], [ 71.152371, 51.314508 ], [ 71.166709, 51.314243 ] ] ], [ [ [ 71.066338, 51.316058 ], [ 71.080677, 51.315804 ], [ 71.080271, 51.306818 ], [ 71.065934, 51.307072 ], [ 71.066338, 51.316058 ] ] ], [ [ [ 71.168405, 51.350185 ], [ 71.168829, 51.359171 ], [ 71.183181, 51.358904 ], [ 71.182754, 51.349919 ], [ 71.182327, 51.340933 ], [ 71.1819, 51.331948 ], [ 71.181474, 51.322962 ], [ 71.181047, 51.313977 ], [ 71.166709, 51.314243 ], [ 71.167133, 51.323229 ], [ 71.167557, 51.332214 ], [ 71.167981, 51.3412 ], [ 71.168405, 51.350185 ] ] ], [ [ [ 71.110593, 51.342248 ], [ 71.11018, 51.333262 ], [ 71.095836, 51.33352 ], [ 71.081491, 51.333776 ], [ 71.081898, 51.342762 ], [ 71.082306, 51.351748 ], [ 71.096656, 51.351492 ], [ 71.096246, 51.342506 ], [ 71.110593, 51.342248 ] ] ], [ [ [ 71.155321, 51.377407 ], [ 71.169679, 51.377142 ], [ 71.169254, 51.368156 ], [ 71.168829, 51.359171 ], [ 71.154477, 51.359436 ], [ 71.154899, 51.368421 ], [ 71.155321, 51.377407 ] ] ], [ [ [ 71.141383, 51.386656 ], [ 71.155743, 51.386392 ], [ 71.155321, 51.377407 ], [ 71.140963, 51.37767 ], [ 71.126605, 51.377932 ], [ 71.127022, 51.386917 ], [ 71.141383, 51.386656 ] ] ], [ [ [ 71.069575, 51.387946 ], [ 71.083937, 51.387692 ], [ 71.083529, 51.378706 ], [ 71.06917, 51.37896 ], [ 71.069575, 51.387946 ] ] ], [ [ [ 71.185321, 51.403831 ], [ 71.199687, 51.403562 ], [ 71.199255, 51.394577 ], [ 71.184893, 51.394846 ], [ 71.185321, 51.403831 ] ] ], [ [ [ 71.317083, 50.879656 ], [ 71.331286, 50.879373 ], [ 71.330837, 50.870388 ], [ 71.316637, 50.870671 ], [ 71.317083, 50.879656 ] ] ], [ [ [ 71.288237, 50.871231 ], [ 71.288677, 50.880217 ], [ 71.30288, 50.879937 ], [ 71.302437, 50.870952 ], [ 71.288237, 50.871231 ] ] ], [ [ [ 71.231862, 50.881317 ], [ 71.231433, 50.872331 ], [ 71.217231, 50.872602 ], [ 71.217658, 50.881588 ], [ 71.231862, 50.881317 ] ] ], [ [ [ 71.317529, 50.888641 ], [ 71.317083, 50.879656 ], [ 71.30288, 50.879937 ], [ 71.303323, 50.888923 ], [ 71.317529, 50.888641 ] ] ], [ [ [ 71.18967, 50.891111 ], [ 71.203877, 50.890843 ], [ 71.203453, 50.881857 ], [ 71.189249, 50.882125 ], [ 71.18967, 50.891111 ] ] ], [ [ [ 71.234012, 50.926246 ], [ 71.24823, 50.925973 ], [ 71.247797, 50.916988 ], [ 71.233582, 50.917261 ], [ 71.234012, 50.926246 ] ] ], [ [ [ 71.306432, 50.95182 ], [ 71.306877, 50.960805 ], [ 71.29265, 50.961086 ], [ 71.278422, 50.961364 ], [ 71.278862, 50.97035 ], [ 71.279302, 50.979335 ], [ 71.279742, 50.98832 ], [ 71.265505, 50.988597 ], [ 71.265943, 50.997583 ], [ 71.280182, 50.997306 ], [ 71.294421, 50.997027 ], [ 71.293978, 50.988042 ], [ 71.308214, 50.987761 ], [ 71.307768, 50.978776 ], [ 71.322001, 50.978494 ], [ 71.32245, 50.987479 ], [ 71.322898, 50.996464 ], [ 71.337137, 50.99618 ], [ 71.337588, 51.005165 ], [ 71.33804, 51.01415 ], [ 71.352284, 51.013864 ], [ 71.351829, 51.004879 ], [ 71.36607, 51.004591 ], [ 71.365613, 50.995606 ], [ 71.37985, 50.995317 ], [ 71.394087, 50.995026 ], [ 71.393625, 50.986041 ], [ 71.393163, 50.977057 ], [ 71.392701, 50.968072 ], [ 71.40693, 50.967779 ], [ 71.406465, 50.958795 ], [ 71.392239, 50.959087 ], [ 71.391778, 50.950103 ], [ 71.377554, 50.950393 ], [ 71.378013, 50.959378 ], [ 71.378472, 50.968363 ], [ 71.364242, 50.968652 ], [ 71.350013, 50.968939 ], [ 71.335783, 50.969225 ], [ 71.335332, 50.96024 ], [ 71.349559, 50.959954 ], [ 71.349106, 50.950969 ], [ 71.334882, 50.951254 ], [ 71.334431, 50.942269 ], [ 71.348653, 50.941984 ], [ 71.3482, 50.932999 ], [ 71.333981, 50.933284 ], [ 71.319762, 50.933568 ], [ 71.32021, 50.942553 ], [ 71.320657, 50.951538 ], [ 71.306432, 50.95182 ] ], [ [ 71.321105, 50.960523 ], [ 71.321553, 50.969508 ], [ 71.307323, 50.969791 ], [ 71.306877, 50.960805 ], [ 71.321105, 50.960523 ] ], [ [ 71.336685, 50.987195 ], [ 71.350921, 50.986909 ], [ 71.351375, 50.995894 ], [ 71.337137, 50.99618 ], [ 71.336685, 50.987195 ] ], [ [ 71.350467, 50.977924 ], [ 71.364699, 50.977637 ], [ 71.365156, 50.986622 ], [ 71.350921, 50.986909 ], [ 71.350467, 50.977924 ] ] ], [ [ [ 71.249531, 50.95293 ], [ 71.249097, 50.943945 ], [ 71.234874, 50.944218 ], [ 71.235305, 50.953204 ], [ 71.249531, 50.95293 ] ] ], [ [ [ 71.224514, 51.025361 ], [ 71.238762, 51.025089 ], [ 71.238329, 51.016103 ], [ 71.224084, 51.016375 ], [ 71.223654, 51.00739 ], [ 71.223224, 50.998404 ], [ 71.222795, 50.989418 ], [ 71.222365, 50.980433 ], [ 71.208131, 50.980703 ], [ 71.193896, 50.980971 ], [ 71.19432, 50.989957 ], [ 71.208557, 50.989688 ], [ 71.208984, 50.998674 ], [ 71.209411, 51.00766 ], [ 71.209838, 51.016646 ], [ 71.210266, 51.025632 ], [ 71.224514, 51.025361 ] ] ], [ [ [ 71.295752, 51.023983 ], [ 71.309999, 51.023702 ], [ 71.309553, 51.014717 ], [ 71.295308, 51.014997 ], [ 71.295752, 51.023983 ] ] ], [ [ [ 71.252574, 51.015829 ], [ 71.25301, 51.024815 ], [ 71.267258, 51.024539 ], [ 71.281505, 51.024262 ], [ 71.281064, 51.015276 ], [ 71.266819, 51.015554 ], [ 71.252574, 51.015829 ] ] ], [ [ [ 71.282388, 51.042232 ], [ 71.296641, 51.041953 ], [ 71.310893, 51.041672 ], [ 71.310446, 51.032687 ], [ 71.296196, 51.032968 ], [ 71.281947, 51.033247 ], [ 71.282388, 51.042232 ] ] ], [ [ [ 71.225375, 51.043332 ], [ 71.239629, 51.04306 ], [ 71.239195, 51.034074 ], [ 71.224944, 51.034347 ], [ 71.225375, 51.043332 ] ] ], [ [ [ 71.311341, 51.050657 ], [ 71.325596, 51.050374 ], [ 71.325146, 51.041389 ], [ 71.310893, 51.041672 ], [ 71.311341, 51.050657 ] ] ], [ [ [ 71.283272, 51.060203 ], [ 71.29753, 51.059923 ], [ 71.297085, 51.050938 ], [ 71.28283, 51.051218 ], [ 71.283272, 51.060203 ] ] ], [ [ [ 71.298866, 51.086879 ], [ 71.313132, 51.086597 ], [ 71.327398, 51.086314 ], [ 71.326947, 51.077329 ], [ 71.312684, 51.077612 ], [ 71.298421, 51.077894 ], [ 71.298866, 51.086879 ] ] ], [ [ [ 71.272095, 51.123378 ], [ 71.286373, 51.123099 ], [ 71.285929, 51.114114 ], [ 71.271654, 51.114393 ], [ 71.272095, 51.123378 ] ] ], [ [ [ 71.286373, 51.123099 ], [ 71.286817, 51.132085 ], [ 71.272536, 51.132363 ], [ 71.272978, 51.141348 ], [ 71.287261, 51.14107 ], [ 71.301544, 51.140789 ], [ 71.315827, 51.140507 ], [ 71.315377, 51.131522 ], [ 71.314928, 51.122537 ], [ 71.30065, 51.122819 ], [ 71.286373, 51.123099 ] ] ], [ [ [ 71.318981, 51.203401 ], [ 71.319432, 51.212386 ], [ 71.333737, 51.212102 ], [ 71.333283, 51.203117 ], [ 71.347585, 51.202831 ], [ 71.361886, 51.202543 ], [ 71.361427, 51.193558 ], [ 71.360967, 51.184574 ], [ 71.346671, 51.184861 ], [ 71.347128, 51.193846 ], [ 71.332829, 51.194132 ], [ 71.31853, 51.194417 ], [ 71.318079, 51.185432 ], [ 71.332375, 51.185147 ], [ 71.331921, 51.176163 ], [ 71.317628, 51.176447 ], [ 71.303334, 51.176729 ], [ 71.303782, 51.185714 ], [ 71.289485, 51.185995 ], [ 71.289931, 51.19498 ], [ 71.30423, 51.194699 ], [ 71.304679, 51.203684 ], [ 71.318981, 51.203401 ] ] ], [ [ [ 71.188974, 51.178926 ], [ 71.1894, 51.187912 ], [ 71.203699, 51.187643 ], [ 71.217997, 51.187373 ], [ 71.217566, 51.178387 ], [ 71.20327, 51.178657 ], [ 71.188974, 51.178926 ] ] ], [ [ [ 71.234905, 51.241013 ], [ 71.249219, 51.240738 ], [ 71.248781, 51.231753 ], [ 71.234469, 51.232027 ], [ 71.234034, 51.223042 ], [ 71.233599, 51.214057 ], [ 71.219293, 51.214329 ], [ 71.204986, 51.2146 ], [ 71.205415, 51.223585 ], [ 71.219725, 51.223314 ], [ 71.220157, 51.2323 ], [ 71.22059, 51.241285 ], [ 71.234905, 51.241013 ] ] ], [ [ [ 71.278292, 51.249169 ], [ 71.292608, 51.24889 ], [ 71.292161, 51.239905 ], [ 71.277848, 51.240184 ], [ 71.278292, 51.249169 ] ] ], [ [ [ 71.249658, 51.249724 ], [ 71.250097, 51.258709 ], [ 71.264416, 51.258432 ], [ 71.278736, 51.258154 ], [ 71.278292, 51.249169 ], [ 71.263975, 51.249447 ], [ 71.263534, 51.240462 ], [ 71.249219, 51.240738 ], [ 71.249658, 51.249724 ] ] ], [ [ [ 71.322146, 51.266295 ], [ 71.336468, 51.26601 ], [ 71.336012, 51.257025 ], [ 71.321694, 51.25731 ], [ 71.322146, 51.266295 ] ] ], [ [ [ 71.222757, 51.286212 ], [ 71.208428, 51.286483 ], [ 71.207997, 51.277498 ], [ 71.193671, 51.277767 ], [ 71.194099, 51.286753 ], [ 71.194527, 51.295738 ], [ 71.208859, 51.295468 ], [ 71.223191, 51.295197 ], [ 71.222757, 51.286212 ] ] ], [ [ [ 71.265742, 51.285388 ], [ 71.251414, 51.285664 ], [ 71.237086, 51.285939 ], [ 71.237523, 51.294924 ], [ 71.23796, 51.303909 ], [ 71.252294, 51.303634 ], [ 71.251854, 51.294649 ], [ 71.266185, 51.294373 ], [ 71.265742, 51.285388 ] ] ], [ [ [ 71.323507, 51.293249 ], [ 71.309176, 51.293532 ], [ 71.309628, 51.302517 ], [ 71.32396, 51.302233 ], [ 71.338293, 51.301948 ], [ 71.337836, 51.292963 ], [ 71.323507, 51.293249 ] ] ], [ [ [ 71.211019, 51.340395 ], [ 71.225365, 51.340123 ], [ 71.22493, 51.331138 ], [ 71.224495, 51.322153 ], [ 71.238835, 51.321879 ], [ 71.238397, 51.312894 ], [ 71.22406, 51.313168 ], [ 71.223625, 51.304182 ], [ 71.209291, 51.304454 ], [ 71.194956, 51.304723 ], [ 71.195385, 51.313709 ], [ 71.195814, 51.322694 ], [ 71.196244, 51.33168 ], [ 71.210587, 51.33141 ], [ 71.211019, 51.340395 ] ] ], [ [ [ 71.253174, 51.321604 ], [ 71.267514, 51.321328 ], [ 71.26707, 51.312343 ], [ 71.252734, 51.312619 ], [ 71.253174, 51.321604 ] ] ], [ [ [ 71.240148, 51.348835 ], [ 71.254497, 51.348559 ], [ 71.254055, 51.339574 ], [ 71.23971, 51.33985 ], [ 71.240148, 51.348835 ] ] ], [ [ [ 71.241026, 51.366805 ], [ 71.255379, 51.366529 ], [ 71.254938, 51.357544 ], [ 71.240587, 51.35782 ], [ 71.241026, 51.366805 ] ] ], [ [ [ 71.286773, 51.419881 ], [ 71.301143, 51.4196 ], [ 71.300692, 51.410615 ], [ 71.286325, 51.410897 ], [ 71.286773, 51.419881 ] ] ], [ [ [ 71.34594, 50.888074 ], [ 71.346391, 50.897059 ], [ 71.360599, 50.896772 ], [ 71.374806, 50.896484 ], [ 71.374349, 50.887499 ], [ 71.360145, 50.887787 ], [ 71.34594, 50.888074 ] ] ], [ [ [ 71.346843, 50.906044 ], [ 71.346391, 50.897059 ], [ 71.332183, 50.897344 ], [ 71.332632, 50.906329 ], [ 71.346843, 50.906044 ] ] ], [ [ [ 71.361508, 50.914742 ], [ 71.375721, 50.914454 ], [ 71.375264, 50.905469 ], [ 71.361054, 50.905757 ], [ 71.361508, 50.914742 ] ] ], [ [ [ 71.362874, 50.941697 ], [ 71.36333, 50.950682 ], [ 71.377554, 50.950393 ], [ 71.377095, 50.941408 ], [ 71.362874, 50.941697 ] ] ], [ [ [ 71.366527, 51.013576 ], [ 71.38077, 51.013286 ], [ 71.38031, 51.004302 ], [ 71.36607, 51.004591 ], [ 71.366527, 51.013576 ] ] ], [ [ [ 71.411121, 51.04864 ], [ 71.411588, 51.057625 ], [ 71.412055, 51.066609 ], [ 71.426314, 51.066314 ], [ 71.426784, 51.075298 ], [ 71.427254, 51.084283 ], [ 71.441518, 51.083985 ], [ 71.441991, 51.09297 ], [ 71.442465, 51.101954 ], [ 71.456734, 51.101655 ], [ 71.457211, 51.110639 ], [ 71.471483, 51.110338 ], [ 71.485755, 51.110035 ], [ 71.500026, 51.109731 ], [ 71.499541, 51.100747 ], [ 71.485272, 51.101051 ], [ 71.471004, 51.101354 ], [ 71.470524, 51.09237 ], [ 71.470046, 51.083386 ], [ 71.455782, 51.083686 ], [ 71.455306, 51.074702 ], [ 71.45483, 51.065718 ], [ 71.454355, 51.056734 ], [ 71.4401, 51.057033 ], [ 71.439627, 51.048048 ], [ 71.45388, 51.04775 ], [ 71.453405, 51.038766 ], [ 71.452931, 51.029781 ], [ 71.438683, 51.03008 ], [ 71.424436, 51.030376 ], [ 71.423967, 51.021392 ], [ 71.409722, 51.021687 ], [ 71.395476, 51.02198 ], [ 71.39594, 51.030964 ], [ 71.381691, 51.031256 ], [ 71.382152, 51.040241 ], [ 71.396403, 51.039949 ], [ 71.410654, 51.039656 ], [ 71.411121, 51.04864 ] ] ], [ [ [ 71.354561, 51.058788 ], [ 71.368818, 51.0585 ], [ 71.368359, 51.049515 ], [ 71.354105, 51.049803 ], [ 71.354561, 51.058788 ] ] ], [ [ [ 71.325596, 51.050374 ], [ 71.326046, 51.059359 ], [ 71.326497, 51.068344 ], [ 71.340757, 51.068059 ], [ 71.340304, 51.059074 ], [ 71.33985, 51.05009 ], [ 71.325596, 51.050374 ] ] ], [ [ [ 71.398725, 51.084872 ], [ 71.41299, 51.084578 ], [ 71.412522, 51.075594 ], [ 71.39826, 51.075887 ], [ 71.398725, 51.084872 ] ] ], [ [ [ 71.428195, 51.102251 ], [ 71.427725, 51.093267 ], [ 71.413457, 51.093562 ], [ 71.39919, 51.093856 ], [ 71.399655, 51.102841 ], [ 71.400121, 51.111825 ], [ 71.414394, 51.111531 ], [ 71.414862, 51.120515 ], [ 71.429138, 51.12022 ], [ 71.428666, 51.111235 ], [ 71.428195, 51.102251 ] ] ], [ [ [ 71.357301, 51.112697 ], [ 71.357758, 51.121681 ], [ 71.372035, 51.121392 ], [ 71.386311, 51.121102 ], [ 71.385848, 51.112117 ], [ 71.371574, 51.112408 ], [ 71.357301, 51.112697 ] ] ], [ [ [ 71.401519, 51.138778 ], [ 71.401053, 51.129794 ], [ 71.386774, 51.130086 ], [ 71.387238, 51.139071 ], [ 71.401519, 51.138778 ] ] ], [ [ [ 71.344392, 51.139938 ], [ 71.358674, 51.139651 ], [ 71.358216, 51.130666 ], [ 71.343937, 51.130953 ], [ 71.344392, 51.139938 ] ] ], [ [ [ 71.401985, 51.147763 ], [ 71.416269, 51.147468 ], [ 71.4158, 51.138484 ], [ 71.401519, 51.138778 ], [ 71.401985, 51.147763 ] ] ], [ [ [ 71.474364, 51.164241 ], [ 71.473883, 51.155257 ], [ 71.473403, 51.146273 ], [ 71.45912, 51.146575 ], [ 71.444837, 51.146874 ], [ 71.444362, 51.13789 ], [ 71.430081, 51.138188 ], [ 71.430553, 51.147172 ], [ 71.416269, 51.147468 ], [ 71.416739, 51.156453 ], [ 71.431025, 51.156156 ], [ 71.445312, 51.155858 ], [ 71.445787, 51.164842 ], [ 71.446262, 51.173826 ], [ 71.460554, 51.173527 ], [ 71.460076, 51.164543 ], [ 71.474364, 51.164241 ] ] ], [ [ [ 71.373878, 51.157331 ], [ 71.374339, 51.166315 ], [ 71.374801, 51.1753 ], [ 71.389094, 51.175009 ], [ 71.403386, 51.174716 ], [ 71.402919, 51.165731 ], [ 71.388629, 51.166024 ], [ 71.388165, 51.15704 ], [ 71.402452, 51.156747 ], [ 71.401985, 51.147763 ], [ 71.387701, 51.148055 ], [ 71.373417, 51.148346 ], [ 71.373878, 51.157331 ] ] ], [ [ [ 71.345759, 51.166892 ], [ 71.360049, 51.166604 ], [ 71.359591, 51.15762 ], [ 71.345303, 51.157907 ], [ 71.345759, 51.166892 ] ] ], [ [ [ 71.331921, 51.176163 ], [ 71.346215, 51.175877 ], [ 71.345759, 51.166892 ], [ 71.331468, 51.167178 ], [ 71.331921, 51.176163 ] ] ], [ [ [ 71.433864, 51.210061 ], [ 71.43339, 51.201077 ], [ 71.44769, 51.200778 ], [ 71.447214, 51.191794 ], [ 71.432917, 51.192093 ], [ 71.418619, 51.192389 ], [ 71.404322, 51.192684 ], [ 71.390023, 51.192977 ], [ 71.390489, 51.201962 ], [ 71.404789, 51.201668 ], [ 71.405258, 51.210653 ], [ 71.419561, 51.210358 ], [ 71.433864, 51.210061 ] ] ], [ [ [ 71.390954, 51.210946 ], [ 71.390489, 51.201962 ], [ 71.376188, 51.202253 ], [ 71.37665, 51.211238 ], [ 71.390954, 51.210946 ] ] ], [ [ [ 71.39142, 51.21993 ], [ 71.405726, 51.219637 ], [ 71.405258, 51.210653 ], [ 71.390954, 51.210946 ], [ 71.39142, 51.21993 ] ] ], [ [ [ 71.362346, 51.211527 ], [ 71.362806, 51.220512 ], [ 71.363267, 51.229496 ], [ 71.363727, 51.238481 ], [ 71.37804, 51.238191 ], [ 71.392352, 51.237899 ], [ 71.391886, 51.228915 ], [ 71.39142, 51.21993 ], [ 71.377113, 51.220222 ], [ 71.37665, 51.211238 ], [ 71.362346, 51.211527 ] ] ], [ [ [ 71.394219, 51.273836 ], [ 71.408542, 51.273542 ], [ 71.408072, 51.264558 ], [ 71.393752, 51.264852 ], [ 71.394219, 51.273836 ] ] ], [ [ [ 71.351707, 51.283692 ], [ 71.366033, 51.283403 ], [ 71.365572, 51.274419 ], [ 71.351248, 51.274707 ], [ 71.351707, 51.283692 ] ] ], [ [ [ 71.353085, 51.310645 ], [ 71.36742, 51.310356 ], [ 71.366958, 51.301372 ], [ 71.352626, 51.301661 ], [ 71.353085, 51.310645 ] ] ], [ [ [ 71.354005, 51.328614 ], [ 71.368346, 51.328325 ], [ 71.367883, 51.31934 ], [ 71.353545, 51.31963 ], [ 71.354005, 51.328614 ] ] ], [ [ [ 71.412782, 51.354398 ], [ 71.42713, 51.354102 ], [ 71.426655, 51.345118 ], [ 71.412309, 51.345414 ], [ 71.412782, 51.354398 ] ] ], [ [ [ 71.357233, 51.391504 ], [ 71.357695, 51.400489 ], [ 71.343332, 51.400777 ], [ 71.343791, 51.409761 ], [ 71.344251, 51.418745 ], [ 71.344711, 51.42773 ], [ 71.359083, 51.427441 ], [ 71.373454, 51.427151 ], [ 71.387825, 51.426859 ], [ 71.402196, 51.426565 ], [ 71.401725, 51.417581 ], [ 71.416093, 51.417286 ], [ 71.43046, 51.416989 ], [ 71.444828, 51.41669 ], [ 71.445307, 51.425673 ], [ 71.459677, 51.425373 ], [ 71.474047, 51.42507 ], [ 71.488417, 51.424766 ], [ 71.502786, 51.42446 ], [ 71.502295, 51.415476 ], [ 71.501804, 51.406493 ], [ 71.501314, 51.39751 ], [ 71.500824, 51.388526 ], [ 71.500334, 51.379543 ], [ 71.499844, 51.37056 ], [ 71.499355, 51.361576 ], [ 71.513704, 51.361269 ], [ 71.528053, 51.36096 ], [ 71.542402, 51.36065 ], [ 71.556751, 51.360337 ], [ 71.571099, 51.360023 ], [ 71.585447, 51.359707 ], [ 71.584941, 51.350724 ], [ 71.570596, 51.35104 ], [ 71.570093, 51.342057 ], [ 71.55575, 51.342371 ], [ 71.541407, 51.342683 ], [ 71.54091, 51.3337 ], [ 71.52657, 51.334011 ], [ 71.512229, 51.334319 ], [ 71.497888, 51.334626 ], [ 71.4974, 51.325643 ], [ 71.483062, 51.325948 ], [ 71.468723, 51.326251 ], [ 71.454384, 51.326552 ], [ 71.454864, 51.335536 ], [ 71.455344, 51.34452 ], [ 71.455825, 51.353504 ], [ 71.456305, 51.362487 ], [ 71.441955, 51.362787 ], [ 71.427605, 51.363086 ], [ 71.42808, 51.37207 ], [ 71.413726, 51.372366 ], [ 71.399373, 51.372661 ], [ 71.398903, 51.363677 ], [ 71.384551, 51.36397 ], [ 71.384085, 51.354986 ], [ 71.369736, 51.355278 ], [ 71.3702, 51.364262 ], [ 71.370664, 51.373246 ], [ 71.35631, 51.373536 ], [ 71.356771, 51.38252 ], [ 71.357233, 51.391504 ] ] ], [ [ [ 71.341496, 51.364839 ], [ 71.341038, 51.355855 ], [ 71.326688, 51.356141 ], [ 71.327144, 51.365125 ], [ 71.341496, 51.364839 ] ] ], [ [ [ 71.474728, 50.903402 ], [ 71.46052, 50.903702 ], [ 71.460994, 50.912686 ], [ 71.475205, 50.912386 ], [ 71.475682, 50.92137 ], [ 71.489896, 50.921068 ], [ 71.504109, 50.920764 ], [ 71.518323, 50.920458 ], [ 71.517837, 50.911474 ], [ 71.532048, 50.911166 ], [ 71.546258, 50.910857 ], [ 71.560467, 50.910546 ], [ 71.574677, 50.910233 ], [ 71.575173, 50.919217 ], [ 71.575669, 50.928201 ], [ 71.576166, 50.937184 ], [ 71.576663, 50.946168 ], [ 71.57716, 50.955151 ], [ 71.591383, 50.954836 ], [ 71.605605, 50.954519 ], [ 71.605103, 50.945536 ], [ 71.619323, 50.945218 ], [ 71.618817, 50.936235 ], [ 71.618313, 50.927252 ], [ 71.617808, 50.918268 ], [ 71.617304, 50.909285 ], [ 71.603095, 50.909603 ], [ 71.602594, 50.90062 ], [ 71.588388, 50.900936 ], [ 71.587889, 50.891952 ], [ 71.587391, 50.882969 ], [ 71.57319, 50.883283 ], [ 71.572695, 50.874299 ], [ 71.558497, 50.874611 ], [ 71.544298, 50.874922 ], [ 71.530099, 50.875231 ], [ 71.515899, 50.875538 ], [ 71.5017, 50.875843 ], [ 71.4875, 50.876147 ], [ 71.4733, 50.876449 ], [ 71.459099, 50.876749 ], [ 71.459573, 50.885733 ], [ 71.460046, 50.894718 ], [ 71.474252, 50.894417 ], [ 71.474728, 50.903402 ] ] ], [ [ [ 71.433039, 50.922267 ], [ 71.447254, 50.92197 ], [ 71.446782, 50.912985 ], [ 71.446311, 50.904001 ], [ 71.44584, 50.895016 ], [ 71.445369, 50.886032 ], [ 71.444899, 50.877047 ], [ 71.430698, 50.877344 ], [ 71.431166, 50.886329 ], [ 71.431634, 50.895313 ], [ 71.432102, 50.904298 ], [ 71.432571, 50.913282 ], [ 71.433039, 50.922267 ] ] ], [ [ [ 71.44867, 50.948923 ], [ 71.462892, 50.948624 ], [ 71.462417, 50.939639 ], [ 71.448198, 50.939939 ], [ 71.44867, 50.948923 ] ] ], [ [ [ 71.464318, 50.975576 ], [ 71.463843, 50.966592 ], [ 71.449615, 50.966892 ], [ 71.450088, 50.975876 ], [ 71.450561, 50.98486 ], [ 71.451034, 50.993845 ], [ 71.465271, 50.993545 ], [ 71.464794, 50.984561 ], [ 71.464318, 50.975576 ] ] ], [ [ [ 71.466224, 51.011513 ], [ 71.480465, 51.011211 ], [ 71.494706, 51.010908 ], [ 71.494224, 51.001924 ], [ 71.479986, 51.002227 ], [ 71.465747, 51.002529 ], [ 71.466224, 51.011513 ] ] ], [ [ [ 71.509432, 51.019587 ], [ 71.508947, 51.010603 ], [ 71.494706, 51.010908 ], [ 71.495188, 51.019892 ], [ 71.509432, 51.019587 ] ] ], [ [ [ 71.512835, 51.082473 ], [ 71.512348, 51.07349 ], [ 71.498088, 51.073795 ], [ 71.498572, 51.082779 ], [ 71.512835, 51.082473 ] ] ], [ [ [ 71.457688, 51.119623 ], [ 71.457211, 51.110639 ], [ 71.442939, 51.110938 ], [ 71.443413, 51.119922 ], [ 71.457688, 51.119623 ] ] ], [ [ [ 71.458165, 51.128607 ], [ 71.472442, 51.128306 ], [ 71.471962, 51.119322 ], [ 71.457688, 51.119623 ], [ 71.458165, 51.128607 ] ] ], [ [ [ 71.501482, 51.136682 ], [ 71.500996, 51.127698 ], [ 71.48672, 51.128003 ], [ 71.472442, 51.128306 ], [ 71.472922, 51.137289 ], [ 71.473403, 51.146273 ], [ 71.487685, 51.14597 ], [ 71.487202, 51.136986 ], [ 71.501482, 51.136682 ] ] ], [ [ [ 71.458642, 51.137591 ], [ 71.458165, 51.128607 ], [ 71.443887, 51.128906 ], [ 71.444362, 51.13789 ], [ 71.458642, 51.137591 ] ] ], [ [ [ 71.431971, 51.174125 ], [ 71.432444, 51.183109 ], [ 71.446738, 51.18281 ], [ 71.446262, 51.173826 ], [ 71.431971, 51.174125 ] ] ], [ [ [ 71.461511, 51.191494 ], [ 71.461033, 51.18251 ], [ 71.446738, 51.18281 ], [ 71.447214, 51.191794 ], [ 71.461511, 51.191494 ] ] ], [ [ [ 71.47967, 51.263062 ], [ 71.493988, 51.262758 ], [ 71.493502, 51.253775 ], [ 71.479186, 51.254079 ], [ 71.47967, 51.263062 ] ] ], [ [ [ 71.465351, 51.263365 ], [ 71.465832, 51.272349 ], [ 71.480153, 51.272046 ], [ 71.47967, 51.263062 ], [ 71.465351, 51.263365 ] ] ], [ [ [ 71.480638, 51.28103 ], [ 71.494962, 51.280725 ], [ 71.509286, 51.280419 ], [ 71.508796, 51.271435 ], [ 71.494475, 51.271742 ], [ 71.480153, 51.272046 ], [ 71.480638, 51.28103 ] ] ], [ [ [ 71.549697, 50.973743 ], [ 71.563926, 50.973431 ], [ 71.563431, 50.964448 ], [ 71.549205, 50.964759 ], [ 71.549697, 50.973743 ] ] ], [ [ [ 71.592884, 50.981786 ], [ 71.607115, 50.981469 ], [ 71.606611, 50.972486 ], [ 71.592383, 50.972803 ], [ 71.592884, 50.981786 ] ] ], [ [ [ 71.565908, 51.009365 ], [ 71.580148, 51.009051 ], [ 71.579649, 51.000068 ], [ 71.579151, 50.991085 ], [ 71.564917, 50.991398 ], [ 71.550682, 50.99171 ], [ 71.536447, 50.99202 ], [ 71.536938, 51.001004 ], [ 71.537428, 51.009988 ], [ 71.551668, 51.009677 ], [ 71.565908, 51.009365 ] ] ], [ [ [ 71.582644, 51.053968 ], [ 71.582145, 51.044985 ], [ 71.581645, 51.036001 ], [ 71.567397, 51.036316 ], [ 71.553149, 51.036628 ], [ 71.553643, 51.045611 ], [ 71.554138, 51.054595 ], [ 71.554632, 51.063578 ], [ 71.568889, 51.063266 ], [ 71.583145, 51.062951 ], [ 71.582644, 51.053968 ] ] ], [ [ [ 71.527098, 51.082166 ], [ 71.54136, 51.081856 ], [ 71.540868, 51.072873 ], [ 71.526608, 51.073182 ], [ 71.527098, 51.082166 ] ] ], [ [ [ 71.542346, 51.099823 ], [ 71.528078, 51.100133 ], [ 71.528568, 51.109116 ], [ 71.542839, 51.108807 ], [ 71.542346, 51.099823 ] ] ], [ [ [ 71.529059, 51.1181 ], [ 71.528568, 51.109116 ], [ 71.514297, 51.109424 ], [ 71.514785, 51.118408 ], [ 71.529059, 51.1181 ] ] ], [ [ [ 71.586653, 51.125834 ], [ 71.600928, 51.125517 ], [ 71.615203, 51.125198 ], [ 71.614695, 51.116215 ], [ 71.600423, 51.116534 ], [ 71.586151, 51.116851 ], [ 71.586653, 51.125834 ] ] ], [ [ [ 71.543826, 51.126774 ], [ 71.543332, 51.11779 ], [ 71.529059, 51.1181 ], [ 71.52955, 51.127084 ], [ 71.530041, 51.136067 ], [ 71.54432, 51.135757 ], [ 71.558598, 51.135445 ], [ 71.558102, 51.126462 ], [ 71.543826, 51.126774 ] ] ], [ [ [ 71.500996, 51.127698 ], [ 71.515273, 51.127392 ], [ 71.514785, 51.118408 ], [ 71.500511, 51.118714 ], [ 71.500996, 51.127698 ] ] ], [ [ [ 71.603962, 51.179415 ], [ 71.618253, 51.179096 ], [ 71.617744, 51.170113 ], [ 71.603455, 51.170432 ], [ 71.603962, 51.179415 ] ] ], [ [ [ 71.561086, 51.180362 ], [ 71.575378, 51.180048 ], [ 71.574877, 51.171065 ], [ 71.560588, 51.171379 ], [ 71.561086, 51.180362 ] ] ], [ [ [ 71.548776, 51.216607 ], [ 71.54828, 51.207624 ], [ 71.547784, 51.198641 ], [ 71.533486, 51.198951 ], [ 71.533979, 51.207935 ], [ 71.534472, 51.216918 ], [ 71.548776, 51.216607 ] ] ], [ [ [ 71.551261, 51.261523 ], [ 71.536943, 51.261835 ], [ 71.536449, 51.252851 ], [ 71.522133, 51.253161 ], [ 71.522625, 51.262144 ], [ 71.523118, 51.271128 ], [ 71.52361, 51.280111 ], [ 71.524103, 51.289094 ], [ 71.538429, 51.288784 ], [ 71.537934, 51.279801 ], [ 71.552257, 51.27949 ], [ 71.551759, 51.270506 ], [ 71.551261, 51.261523 ] ] ], [ [ [ 71.623358, 51.268923 ], [ 71.622846, 51.25994 ], [ 71.60853, 51.26026 ], [ 71.594213, 51.260579 ], [ 71.594719, 51.269562 ], [ 71.595226, 51.278544 ], [ 71.609548, 51.278226 ], [ 71.609039, 51.269243 ], [ 71.623358, 51.268923 ] ] ], [ [ [ 71.610567, 51.296191 ], [ 71.624895, 51.295871 ], [ 71.625407, 51.304853 ], [ 71.639738, 51.304531 ], [ 71.639222, 51.295549 ], [ 71.653549, 51.295225 ], [ 71.667876, 51.294899 ], [ 71.667355, 51.285917 ], [ 71.653031, 51.286242 ], [ 71.638707, 51.286566 ], [ 71.624382, 51.286888 ], [ 71.62387, 51.277906 ], [ 71.609548, 51.278226 ], [ 71.610057, 51.287209 ], [ 71.610567, 51.296191 ] ] ], [ [ [ 71.568084, 51.306125 ], [ 71.567582, 51.297142 ], [ 71.553254, 51.297456 ], [ 71.552755, 51.288473 ], [ 71.538429, 51.288784 ], [ 71.538925, 51.297768 ], [ 71.524596, 51.298078 ], [ 71.525089, 51.307061 ], [ 71.539421, 51.306751 ], [ 71.553753, 51.306439 ], [ 71.554252, 51.315422 ], [ 71.568586, 51.315108 ], [ 71.568084, 51.306125 ] ] ], [ [ [ 71.56959, 51.333074 ], [ 71.58393, 51.332759 ], [ 71.583425, 51.323776 ], [ 71.569088, 51.324091 ], [ 71.56959, 51.333074 ] ] ], [ [ [ 71.584435, 51.341741 ], [ 71.598777, 51.341424 ], [ 71.598269, 51.332441 ], [ 71.58393, 51.332759 ], [ 71.584435, 51.341741 ] ] ], [ [ [ 71.598777, 51.341424 ], [ 71.599286, 51.350407 ], [ 71.599795, 51.359389 ], [ 71.614142, 51.35907 ], [ 71.613631, 51.350087 ], [ 71.613119, 51.341105 ], [ 71.598777, 51.341424 ] ] ], [ [ [ 71.57261, 51.386972 ], [ 71.586966, 51.386655 ], [ 71.58646, 51.377673 ], [ 71.600813, 51.377355 ], [ 71.601322, 51.386337 ], [ 71.615678, 51.386017 ], [ 71.615166, 51.377035 ], [ 71.629519, 51.376714 ], [ 71.629004, 51.367731 ], [ 71.614654, 51.368052 ], [ 71.600304, 51.368372 ], [ 71.585953, 51.36869 ], [ 71.571602, 51.369006 ], [ 71.557251, 51.36932 ], [ 71.557752, 51.378303 ], [ 71.572106, 51.377989 ], [ 71.57261, 51.386972 ] ] ], [ [ [ 71.530531, 51.405876 ], [ 71.530035, 51.396893 ], [ 71.515674, 51.397202 ], [ 71.516168, 51.406185 ], [ 71.516661, 51.415169 ], [ 71.517155, 51.424152 ], [ 71.531523, 51.423842 ], [ 71.545892, 51.423531 ], [ 71.545393, 51.414548 ], [ 71.544894, 51.405565 ], [ 71.530531, 51.405876 ] ] ], [ [ [ 71.588996, 51.422586 ], [ 71.603363, 51.422268 ], [ 71.602852, 51.413285 ], [ 71.588488, 51.413603 ], [ 71.588996, 51.422586 ] ] ], [ [ [ 71.673107, 50.890031 ], [ 71.673621, 50.899014 ], [ 71.674136, 50.907996 ], [ 71.674652, 50.916979 ], [ 71.675167, 50.925962 ], [ 71.675683, 50.934945 ], [ 71.676199, 50.943928 ], [ 71.690417, 50.943601 ], [ 71.704635, 50.943272 ], [ 71.718853, 50.942942 ], [ 71.718329, 50.933959 ], [ 71.732544, 50.933627 ], [ 71.746758, 50.933293 ], [ 71.760972, 50.932958 ], [ 71.775186, 50.932621 ], [ 71.7894, 50.932282 ], [ 71.788863, 50.9233 ], [ 71.803073, 50.922959 ], [ 71.817284, 50.922617 ], [ 71.831494, 50.922273 ], [ 71.830949, 50.913292 ], [ 71.845156, 50.912946 ], [ 71.845704, 50.921928 ], [ 71.859914, 50.92158 ], [ 71.859363, 50.912599 ], [ 71.858812, 50.903617 ], [ 71.844608, 50.903964 ], [ 71.84406, 50.894983 ], [ 71.829858, 50.895328 ], [ 71.815656, 50.895672 ], [ 71.815115, 50.88669 ], [ 71.800915, 50.887032 ], [ 71.786715, 50.887372 ], [ 71.772515, 50.88771 ], [ 71.758315, 50.888047 ], [ 71.744114, 50.888382 ], [ 71.743586, 50.8794 ], [ 71.729388, 50.879733 ], [ 71.728863, 50.87075 ], [ 71.714667, 50.871081 ], [ 71.700471, 50.871411 ], [ 71.686275, 50.871739 ], [ 71.672078, 50.872065 ], [ 71.657882, 50.872389 ], [ 71.658393, 50.881372 ], [ 71.672592, 50.881048 ], [ 71.673107, 50.890031 ] ] ], [ [ [ 71.616296, 50.891319 ], [ 71.630499, 50.890999 ], [ 71.629993, 50.882016 ], [ 71.615793, 50.882335 ], [ 71.616296, 50.891319 ] ] ], [ [ [ 71.635576, 50.98083 ], [ 71.649806, 50.980508 ], [ 71.649294, 50.971525 ], [ 71.635067, 50.971847 ], [ 71.635576, 50.98083 ] ] ], [ [ [ 71.651342, 51.007457 ], [ 71.651854, 51.016439 ], [ 71.666095, 51.016115 ], [ 71.666611, 51.025098 ], [ 71.680854, 51.024772 ], [ 71.680336, 51.015789 ], [ 71.694576, 51.015461 ], [ 71.708816, 51.015132 ], [ 71.708293, 51.00615 ], [ 71.72253, 51.005818 ], [ 71.722003, 50.996836 ], [ 71.721478, 50.987854 ], [ 71.720952, 50.978871 ], [ 71.706723, 50.979202 ], [ 71.692494, 50.979531 ], [ 71.678265, 50.979859 ], [ 71.678782, 50.988841 ], [ 71.66455, 50.989167 ], [ 71.650317, 50.989491 ], [ 71.65083, 50.998474 ], [ 71.651342, 51.007457 ] ] ], [ [ [ 71.623372, 51.017083 ], [ 71.637613, 51.016762 ], [ 71.637104, 51.007779 ], [ 71.622865, 51.0081 ], [ 71.623372, 51.017083 ] ] ], [ [ [ 71.70934, 51.024114 ], [ 71.723582, 51.023783 ], [ 71.737825, 51.02345 ], [ 71.737295, 51.014468 ], [ 71.723056, 51.014801 ], [ 71.708816, 51.015132 ], [ 71.70934, 51.024114 ] ] ], [ [ [ 71.654421, 51.061353 ], [ 71.668676, 51.061029 ], [ 71.668159, 51.052046 ], [ 71.653907, 51.052371 ], [ 71.653394, 51.043388 ], [ 71.65288, 51.034405 ], [ 71.652367, 51.025422 ], [ 71.651854, 51.016439 ], [ 71.637613, 51.016762 ], [ 71.638123, 51.025745 ], [ 71.638634, 51.034728 ], [ 71.639144, 51.043711 ], [ 71.639655, 51.052694 ], [ 71.640167, 51.061676 ], [ 71.654421, 51.061353 ] ] ], [ [ [ 71.709864, 51.033097 ], [ 71.70934, 51.024114 ], [ 71.695097, 51.024444 ], [ 71.695619, 51.033426 ], [ 71.681373, 51.033754 ], [ 71.681892, 51.042737 ], [ 71.69614, 51.042409 ], [ 71.710388, 51.042079 ], [ 71.709864, 51.033097 ] ] ], [ [ [ 71.682411, 51.05172 ], [ 71.681892, 51.042737 ], [ 71.667643, 51.043063 ], [ 71.668159, 51.052046 ], [ 71.682411, 51.05172 ] ] ], [ [ [ 71.65648, 51.097284 ], [ 71.642214, 51.097608 ], [ 71.642726, 51.106591 ], [ 71.628457, 51.106912 ], [ 71.628967, 51.115895 ], [ 71.629478, 51.124878 ], [ 71.643752, 51.124556 ], [ 71.658026, 51.124232 ], [ 71.65751, 51.11525 ], [ 71.671781, 51.114924 ], [ 71.686052, 51.114597 ], [ 71.685531, 51.105615 ], [ 71.699799, 51.105286 ], [ 71.699276, 51.096303 ], [ 71.698752, 51.087321 ], [ 71.68449, 51.08765 ], [ 71.68501, 51.096632 ], [ 71.670745, 51.096959 ], [ 71.65648, 51.097284 ] ] ], [ [ [ 71.715647, 51.131902 ], [ 71.701371, 51.132233 ], [ 71.701896, 51.141215 ], [ 71.716174, 51.140884 ], [ 71.730453, 51.140551 ], [ 71.729923, 51.131569 ], [ 71.744198, 51.131235 ], [ 71.743665, 51.122253 ], [ 71.743133, 51.113271 ], [ 71.742601, 51.104289 ], [ 71.728334, 51.104623 ], [ 71.714067, 51.104955 ], [ 71.699799, 51.105286 ], [ 71.700323, 51.114268 ], [ 71.700847, 51.12325 ], [ 71.71512, 51.12292 ], [ 71.715647, 51.131902 ] ], [ [ 71.714593, 51.113937 ], [ 71.728863, 51.113605 ], [ 71.729393, 51.122587 ], [ 71.71512, 51.12292 ], [ 71.714593, 51.113937 ] ] ], [ [ [ 71.631521, 51.160809 ], [ 71.63101, 51.151826 ], [ 71.616727, 51.152147 ], [ 71.617235, 51.16113 ], [ 71.631521, 51.160809 ] ] ], [ [ [ 71.646835, 51.178452 ], [ 71.661126, 51.178128 ], [ 71.660609, 51.169145 ], [ 71.646321, 51.169469 ], [ 71.646835, 51.178452 ] ] ], [ [ [ 71.618763, 51.188078 ], [ 71.633057, 51.187757 ], [ 71.632545, 51.178775 ], [ 71.618253, 51.179096 ], [ 71.618763, 51.188078 ] ] ], [ [ [ 71.676979, 51.204749 ], [ 71.6775, 51.213731 ], [ 71.691801, 51.213403 ], [ 71.691277, 51.20442 ], [ 71.676979, 51.204749 ] ] ], [ [ [ 71.707156, 51.231037 ], [ 71.721463, 51.230705 ], [ 71.720933, 51.221723 ], [ 71.720403, 51.212741 ], [ 71.706102, 51.213073 ], [ 71.691801, 51.213403 ], [ 71.692325, 51.222385 ], [ 71.69285, 51.231367 ], [ 71.707156, 51.231037 ] ] ], [ [ [ 71.679587, 51.24966 ], [ 71.665275, 51.249987 ], [ 71.650962, 51.250312 ], [ 71.651479, 51.259295 ], [ 71.665794, 51.25897 ], [ 71.666314, 51.267952 ], [ 71.680633, 51.267625 ], [ 71.68011, 51.258642 ], [ 71.679587, 51.24966 ] ] ], [ [ [ 71.622846, 51.25994 ], [ 71.637163, 51.259618 ], [ 71.636649, 51.250636 ], [ 71.622335, 51.250958 ], [ 71.622846, 51.25994 ] ] ], [ [ [ 71.638192, 51.277584 ], [ 71.652513, 51.27726 ], [ 71.651996, 51.268277 ], [ 71.651479, 51.259295 ], [ 71.637163, 51.259618 ], [ 71.637677, 51.268601 ], [ 71.638192, 51.277584 ] ] ], [ [ [ 71.725713, 51.30256 ], [ 71.725181, 51.293578 ], [ 71.710855, 51.293911 ], [ 71.711385, 51.302893 ], [ 71.725713, 51.30256 ] ] ], [ [ [ 71.654068, 51.304207 ], [ 71.654586, 51.313189 ], [ 71.655105, 51.322172 ], [ 71.66944, 51.321846 ], [ 71.683775, 51.321518 ], [ 71.683251, 51.312536 ], [ 71.668919, 51.312863 ], [ 71.668397, 51.303881 ], [ 71.654068, 51.304207 ] ] ], [ [ [ 71.699165, 51.339152 ], [ 71.699693, 51.348134 ], [ 71.714036, 51.347803 ], [ 71.713505, 51.338821 ], [ 71.712975, 51.329839 ], [ 71.698637, 51.33017 ], [ 71.69811, 51.321188 ], [ 71.683775, 51.321518 ], [ 71.6843, 51.3305 ], [ 71.669962, 51.330828 ], [ 71.670484, 51.33981 ], [ 71.684825, 51.339482 ], [ 71.699165, 51.339152 ] ] ], [ [ [ 71.685876, 51.357446 ], [ 71.700222, 51.357116 ], [ 71.699693, 51.348134 ], [ 71.68535, 51.348464 ], [ 71.685876, 51.357446 ] ] ], [ [ [ 71.674671, 51.411667 ], [ 71.689034, 51.411338 ], [ 71.689562, 51.42032 ], [ 71.703927, 51.419989 ], [ 71.703397, 51.411008 ], [ 71.71776, 51.410675 ], [ 71.732122, 51.410341 ], [ 71.731586, 51.401359 ], [ 71.731051, 51.392378 ], [ 71.716694, 51.392712 ], [ 71.716162, 51.38373 ], [ 71.701808, 51.384062 ], [ 71.687454, 51.384392 ], [ 71.68798, 51.393374 ], [ 71.702337, 51.393044 ], [ 71.702867, 51.402026 ], [ 71.688507, 51.402356 ], [ 71.674147, 51.402685 ], [ 71.674671, 51.411667 ] ] ], [ [ [ 71.832586, 50.940236 ], [ 71.846801, 50.939891 ], [ 71.861016, 50.939543 ], [ 71.875231, 50.939193 ], [ 71.874677, 50.930212 ], [ 71.860465, 50.930561 ], [ 71.846252, 50.930909 ], [ 71.83204, 50.931255 ], [ 71.817827, 50.931599 ], [ 71.803614, 50.931941 ], [ 71.804154, 50.940923 ], [ 71.81837, 50.940581 ], [ 71.832586, 50.940236 ] ] ], [ [ [ 71.804154, 50.940923 ], [ 71.789938, 50.941264 ], [ 71.775722, 50.941603 ], [ 71.776257, 50.950585 ], [ 71.790476, 50.950246 ], [ 71.791014, 50.959228 ], [ 71.805236, 50.958887 ], [ 71.804695, 50.949905 ], [ 71.804154, 50.940923 ] ] ], [ [ [ 71.777328, 50.968549 ], [ 71.776793, 50.959567 ], [ 71.76257, 50.959904 ], [ 71.763103, 50.968887 ], [ 71.748878, 50.969222 ], [ 71.749409, 50.978205 ], [ 71.74994, 50.987187 ], [ 71.764171, 50.986851 ], [ 71.763637, 50.977869 ], [ 71.777865, 50.977531 ], [ 71.777328, 50.968549 ] ] ], [ [ [ 71.778938, 50.995495 ], [ 71.764705, 50.995833 ], [ 71.750471, 50.996169 ], [ 71.74994, 50.987187 ], [ 71.735709, 50.987521 ], [ 71.736237, 50.996503 ], [ 71.736766, 51.005486 ], [ 71.751003, 51.005151 ], [ 71.765239, 51.004815 ], [ 71.779475, 51.004477 ], [ 71.778938, 50.995495 ] ] ], [ [ [ 71.752067, 51.023115 ], [ 71.766308, 51.022779 ], [ 71.765773, 51.013797 ], [ 71.751535, 51.014133 ], [ 71.752067, 51.023115 ] ] ], [ [ [ 71.766843, 51.031761 ], [ 71.781087, 51.031422 ], [ 71.78055, 51.02244 ], [ 71.766308, 51.022779 ], [ 71.766843, 51.031761 ] ] ], [ [ [ 71.754731, 51.068025 ], [ 71.768986, 51.067688 ], [ 71.76845, 51.058706 ], [ 71.754198, 51.059043 ], [ 71.754731, 51.068025 ] ] ], [ [ [ 71.755265, 51.077007 ], [ 71.741006, 51.077343 ], [ 71.740475, 51.068361 ], [ 71.726219, 51.068694 ], [ 71.726748, 51.077676 ], [ 71.727276, 51.086659 ], [ 71.741538, 51.086325 ], [ 71.755799, 51.085989 ], [ 71.755265, 51.077007 ] ] ], [ [ [ 71.813932, 51.102593 ], [ 71.813386, 51.093611 ], [ 71.827649, 51.093267 ], [ 71.841911, 51.092921 ], [ 71.84136, 51.08394 ], [ 71.827101, 51.084286 ], [ 71.812841, 51.08463 ], [ 71.798581, 51.084972 ], [ 71.78432, 51.085313 ], [ 71.78486, 51.094295 ], [ 71.799123, 51.093954 ], [ 71.799666, 51.102936 ], [ 71.813932, 51.102593 ] ] ], [ [ [ 71.814477, 51.111574 ], [ 71.815024, 51.120556 ], [ 71.81557, 51.129537 ], [ 71.816117, 51.138519 ], [ 71.816664, 51.1475 ], [ 71.817211, 51.156481 ], [ 71.831493, 51.156136 ], [ 71.830943, 51.147155 ], [ 71.830393, 51.138174 ], [ 71.829844, 51.129192 ], [ 71.829294, 51.120211 ], [ 71.828746, 51.11123 ], [ 71.828197, 51.102248 ], [ 71.813932, 51.102593 ], [ 71.814477, 51.111574 ] ] ], [ [ [ 71.744731, 51.140217 ], [ 71.759008, 51.139881 ], [ 71.758473, 51.130899 ], [ 71.744198, 51.131235 ], [ 71.744731, 51.140217 ] ] ], [ [ [ 71.733639, 51.194443 ], [ 71.733107, 51.185461 ], [ 71.732576, 51.176479 ], [ 71.718286, 51.176813 ], [ 71.718815, 51.185795 ], [ 71.719344, 51.194777 ], [ 71.733639, 51.194443 ] ] ], [ [ [ 71.777062, 51.202415 ], [ 71.791359, 51.202074 ], [ 71.790816, 51.193093 ], [ 71.776522, 51.193433 ], [ 71.777062, 51.202415 ] ] ], [ [ [ 71.805655, 51.201732 ], [ 71.791359, 51.202074 ], [ 71.791902, 51.211056 ], [ 71.777603, 51.211396 ], [ 71.778144, 51.220378 ], [ 71.792446, 51.220037 ], [ 71.806748, 51.219695 ], [ 71.806202, 51.210713 ], [ 71.805655, 51.201732 ] ] ], [ [ [ 71.795169, 51.264944 ], [ 71.809484, 51.264601 ], [ 71.8238, 51.264257 ], [ 71.823249, 51.255275 ], [ 71.837562, 51.254929 ], [ 71.837009, 51.245948 ], [ 71.822699, 51.246294 ], [ 71.822149, 51.237313 ], [ 71.807842, 51.237657 ], [ 71.808389, 51.246639 ], [ 71.794079, 51.246981 ], [ 71.779768, 51.247322 ], [ 71.78031, 51.256304 ], [ 71.765997, 51.256643 ], [ 71.766536, 51.265625 ], [ 71.780853, 51.265285 ], [ 71.795169, 51.264944 ] ] ], [ [ [ 71.751683, 51.256981 ], [ 71.765997, 51.256643 ], [ 71.765458, 51.247662 ], [ 71.751147, 51.247999 ], [ 71.751683, 51.256981 ] ] ], [ [ [ 71.737903, 51.266299 ], [ 71.75222, 51.265963 ], [ 71.751683, 51.256981 ], [ 71.737369, 51.257317 ], [ 71.737903, 51.266299 ] ] ], [ [ [ 71.738437, 51.27528 ], [ 71.738972, 51.284262 ], [ 71.739506, 51.293244 ], [ 71.753832, 51.292908 ], [ 71.753294, 51.283926 ], [ 71.752757, 51.274944 ], [ 71.738437, 51.27528 ] ] ], [ [ [ 71.812228, 51.309507 ], [ 71.811679, 51.300526 ], [ 71.81113, 51.291545 ], [ 71.810581, 51.282564 ], [ 71.79626, 51.282907 ], [ 71.781938, 51.283248 ], [ 71.782481, 51.29223 ], [ 71.783025, 51.301211 ], [ 71.783568, 51.310193 ], [ 71.797898, 51.309851 ], [ 71.812228, 51.309507 ] ] ], [ [ [ 71.740577, 51.311207 ], [ 71.754908, 51.310871 ], [ 71.754369, 51.301889 ], [ 71.740041, 51.302226 ], [ 71.740577, 51.311207 ] ] ], [ [ [ 71.755985, 51.328834 ], [ 71.770321, 51.328496 ], [ 71.769779, 51.319514 ], [ 71.769238, 51.310533 ], [ 71.754908, 51.310871 ], [ 71.755446, 51.319852 ], [ 71.755985, 51.328834 ] ] ], [ [ [ 71.799539, 51.336795 ], [ 71.798992, 51.327814 ], [ 71.784657, 51.328155 ], [ 71.785201, 51.337137 ], [ 71.799539, 51.336795 ] ] ], [ [ [ 71.814428, 51.345432 ], [ 71.800087, 51.345776 ], [ 71.785746, 51.346118 ], [ 71.785201, 51.337137 ], [ 71.770862, 51.337477 ], [ 71.756524, 51.337816 ], [ 71.757063, 51.346797 ], [ 71.757602, 51.355779 ], [ 71.771947, 51.35544 ], [ 71.786291, 51.355099 ], [ 71.800635, 51.354757 ], [ 71.814979, 51.354413 ], [ 71.814428, 51.345432 ] ] ], [ [ [ 71.81553, 51.363394 ], [ 71.829876, 51.363048 ], [ 71.829322, 51.354067 ], [ 71.814979, 51.354413 ], [ 71.81553, 51.363394 ] ] ], [ [ [ 71.729981, 51.374414 ], [ 71.744332, 51.374079 ], [ 71.743795, 51.365097 ], [ 71.729447, 51.365433 ], [ 71.729981, 51.374414 ] ] ], [ [ [ 71.787382, 51.373062 ], [ 71.787928, 51.382043 ], [ 71.788474, 51.391025 ], [ 71.802829, 51.390682 ], [ 71.80228, 51.381701 ], [ 71.801732, 51.37272 ], [ 71.787382, 51.373062 ] ] ], [ [ [ 71.819394, 51.426261 ], [ 71.818842, 51.41728 ], [ 71.804478, 51.417625 ], [ 71.805028, 51.426606 ], [ 71.819394, 51.426261 ] ] ], [ [ [ 71.776295, 51.427291 ], [ 71.775751, 51.418309 ], [ 71.761387, 51.418649 ], [ 71.761928, 51.42763 ], [ 71.776295, 51.427291 ] ] ], [ [ [ 71.887776, 50.911899 ], [ 71.873569, 50.91225 ], [ 71.874123, 50.921231 ], [ 71.888332, 50.92088 ], [ 71.902541, 50.920527 ], [ 71.901982, 50.911546 ], [ 71.916187, 50.911192 ], [ 71.930393, 50.910836 ], [ 71.929829, 50.901855 ], [ 71.944031, 50.901498 ], [ 71.943464, 50.892517 ], [ 71.942898, 50.883536 ], [ 71.957095, 50.883177 ], [ 71.956526, 50.874196 ], [ 71.942332, 50.874555 ], [ 71.928138, 50.874912 ], [ 71.913943, 50.875268 ], [ 71.899748, 50.875622 ], [ 71.885553, 50.875974 ], [ 71.886108, 50.884955 ], [ 71.886664, 50.893936 ], [ 71.887219, 50.902918 ], [ 71.887776, 50.911899 ] ] ], [ [ [ 71.858262, 50.894636 ], [ 71.872463, 50.894287 ], [ 71.87191, 50.885306 ], [ 71.871358, 50.876324 ], [ 71.857162, 50.876673 ], [ 71.842966, 50.87702 ], [ 71.82877, 50.877365 ], [ 71.829314, 50.886347 ], [ 71.843513, 50.886001 ], [ 71.84406, 50.894983 ], [ 71.858262, 50.894636 ] ] ], [ [ [ 71.931522, 50.928798 ], [ 71.945733, 50.92844 ], [ 71.945165, 50.919459 ], [ 71.930957, 50.919817 ], [ 71.916749, 50.920173 ], [ 71.917311, 50.929154 ], [ 71.931522, 50.928798 ] ] ], [ [ [ 71.90366, 50.938489 ], [ 71.917874, 50.938135 ], [ 71.917311, 50.929154 ], [ 71.9031, 50.929508 ], [ 71.90366, 50.938489 ] ] ], [ [ [ 71.890003, 50.947823 ], [ 71.90422, 50.947471 ], [ 71.90366, 50.938489 ], [ 71.889445, 50.938842 ], [ 71.890003, 50.947823 ] ] ], [ [ [ 71.822181, 51.003452 ], [ 71.836416, 51.003107 ], [ 71.836964, 51.012089 ], [ 71.851201, 51.011742 ], [ 71.85065, 51.00276 ], [ 71.864884, 51.002412 ], [ 71.864331, 50.993431 ], [ 71.863778, 50.984449 ], [ 71.863225, 50.975468 ], [ 71.848999, 50.975816 ], [ 71.834773, 50.976163 ], [ 71.820546, 50.976507 ], [ 71.821091, 50.985489 ], [ 71.83532, 50.985144 ], [ 71.835868, 50.994126 ], [ 71.821636, 50.994471 ], [ 71.822181, 51.003452 ] ] ], [ [ [ 71.892793, 50.992729 ], [ 71.893352, 51.00171 ], [ 71.907585, 51.001356 ], [ 71.921819, 51.001001 ], [ 71.921254, 50.99202 ], [ 71.907024, 50.992375 ], [ 71.892793, 50.992729 ] ] ], [ [ [ 71.853408, 51.047667 ], [ 71.867656, 51.047318 ], [ 71.867101, 51.038337 ], [ 71.866546, 51.029356 ], [ 71.852304, 51.029704 ], [ 71.838061, 51.030051 ], [ 71.83861, 51.039033 ], [ 71.83916, 51.048014 ], [ 71.853408, 51.047667 ] ] ], [ [ [ 71.897834, 51.073558 ], [ 71.912089, 51.073203 ], [ 71.911525, 51.064222 ], [ 71.897273, 51.064577 ], [ 71.897834, 51.073558 ] ] ], [ [ [ 71.885255, 51.100853 ], [ 71.884696, 51.091872 ], [ 71.884137, 51.082891 ], [ 71.883578, 51.07391 ], [ 71.869322, 51.074261 ], [ 71.869878, 51.083242 ], [ 71.870435, 51.092224 ], [ 71.870991, 51.101205 ], [ 71.871548, 51.110186 ], [ 71.885815, 51.109834 ], [ 71.885255, 51.100853 ] ] ], [ [ [ 71.886375, 51.118815 ], [ 71.886935, 51.127796 ], [ 71.901207, 51.127442 ], [ 71.900644, 51.118462 ], [ 71.900082, 51.109481 ], [ 71.885815, 51.109834 ], [ 71.886375, 51.118815 ] ] ], [ [ [ 71.843565, 51.119865 ], [ 71.857835, 51.119517 ], [ 71.857281, 51.110535 ], [ 71.843013, 51.110883 ], [ 71.843565, 51.119865 ] ] ], [ [ [ 71.901207, 51.127442 ], [ 71.901771, 51.136423 ], [ 71.916045, 51.136068 ], [ 71.93032, 51.135711 ], [ 71.929751, 51.12673 ], [ 71.915479, 51.127087 ], [ 71.901207, 51.127442 ] ] ], [ [ [ 71.902898, 51.154385 ], [ 71.917178, 51.154029 ], [ 71.916612, 51.145049 ], [ 71.902334, 51.145404 ], [ 71.902898, 51.154385 ] ] ], [ [ [ 71.918312, 51.17199 ], [ 71.91888, 51.180971 ], [ 71.919448, 51.189951 ], [ 71.905156, 51.190307 ], [ 71.905722, 51.199288 ], [ 71.920016, 51.198932 ], [ 71.934309, 51.198574 ], [ 71.933738, 51.189594 ], [ 71.933168, 51.180613 ], [ 71.932598, 51.171633 ], [ 71.932028, 51.162652 ], [ 71.931458, 51.153672 ], [ 71.917178, 51.154029 ], [ 71.917745, 51.16301 ], [ 71.918312, 51.17199 ] ] ], [ [ [ 71.832594, 51.174099 ], [ 71.832043, 51.165118 ], [ 71.817758, 51.165463 ], [ 71.818306, 51.174444 ], [ 71.832594, 51.174099 ] ] ], [ [ [ 71.890865, 51.190662 ], [ 71.905156, 51.190307 ], [ 71.904591, 51.181327 ], [ 71.890303, 51.181681 ], [ 71.890865, 51.190662 ] ] ], [ [ [ 71.877133, 51.199995 ], [ 71.876573, 51.191014 ], [ 71.862281, 51.191365 ], [ 71.861724, 51.182384 ], [ 71.847434, 51.182733 ], [ 71.847988, 51.191714 ], [ 71.848543, 51.200695 ], [ 71.849097, 51.209676 ], [ 71.863395, 51.209327 ], [ 71.877693, 51.208976 ], [ 71.877133, 51.199995 ] ] ], [ [ [ 71.879375, 51.235918 ], [ 71.89368, 51.235565 ], [ 71.893117, 51.226584 ], [ 71.878814, 51.226937 ], [ 71.879375, 51.235918 ] ] ], [ [ [ 71.850207, 51.227638 ], [ 71.850762, 51.236619 ], [ 71.836456, 51.236967 ], [ 71.837009, 51.245948 ], [ 71.851318, 51.2456 ], [ 71.865627, 51.24525 ], [ 71.865069, 51.23627 ], [ 71.86451, 51.227289 ], [ 71.850207, 51.227638 ] ] ], [ [ [ 71.895373, 51.262507 ], [ 71.909687, 51.262152 ], [ 71.909119, 51.253171 ], [ 71.894808, 51.253526 ], [ 71.895373, 51.262507 ] ] ], [ [ [ 71.866745, 51.263212 ], [ 71.866186, 51.254231 ], [ 71.851874, 51.254581 ], [ 71.85243, 51.263562 ], [ 71.866745, 51.263212 ] ] ], [ [ [ 71.925141, 51.279756 ], [ 71.93946, 51.279397 ], [ 71.953779, 51.279036 ], [ 71.954355, 51.288016 ], [ 71.968676, 51.287654 ], [ 71.982997, 51.287289 ], [ 71.982415, 51.27831 ], [ 71.968097, 51.278674 ], [ 71.967518, 51.269694 ], [ 71.953202, 51.270056 ], [ 71.938887, 51.270417 ], [ 71.938313, 51.261436 ], [ 71.924, 51.261795 ], [ 71.909687, 51.262152 ], [ 71.910254, 51.271132 ], [ 71.910822, 51.280113 ], [ 71.925141, 51.279756 ] ] ], [ [ [ 71.824902, 51.282219 ], [ 71.839223, 51.281872 ], [ 71.838669, 51.272891 ], [ 71.824351, 51.273238 ], [ 71.824902, 51.282219 ] ] ], [ [ [ 71.914236, 51.333995 ], [ 71.913666, 51.325015 ], [ 71.913097, 51.316034 ], [ 71.898766, 51.31639 ], [ 71.8982, 51.30741 ], [ 71.883872, 51.307764 ], [ 71.869544, 51.308116 ], [ 71.870105, 51.317097 ], [ 71.884436, 51.316744 ], [ 71.885, 51.325725 ], [ 71.885564, 51.334706 ], [ 71.8999, 51.334351 ], [ 71.914236, 51.333995 ] ] ], [ [ [ 71.844222, 51.362701 ], [ 71.858567, 51.362351 ], [ 71.858008, 51.353371 ], [ 71.87235, 51.35302 ], [ 71.886693, 51.352667 ], [ 71.886128, 51.343686 ], [ 71.871789, 51.344039 ], [ 71.857449, 51.34439 ], [ 71.843109, 51.344739 ], [ 71.828769, 51.345086 ], [ 71.829322, 51.354067 ], [ 71.843665, 51.35372 ], [ 71.844222, 51.362701 ] ] ], [ [ [ 71.915947, 51.360936 ], [ 71.930291, 51.360578 ], [ 71.929718, 51.351598 ], [ 71.915376, 51.351956 ], [ 71.915947, 51.360936 ] ] ], [ [ [ 71.887258, 51.361647 ], [ 71.901602, 51.361293 ], [ 71.901035, 51.352312 ], [ 71.886693, 51.352667 ], [ 71.887258, 51.361647 ] ] ], [ [ [ 71.902739, 51.379253 ], [ 71.90217, 51.370273 ], [ 71.887823, 51.370628 ], [ 71.888388, 51.379608 ], [ 71.902739, 51.379253 ] ] ], [ [ [ 71.903876, 51.397214 ], [ 71.904446, 51.406194 ], [ 71.918804, 51.405837 ], [ 71.918232, 51.396857 ], [ 71.91766, 51.387877 ], [ 71.903307, 51.388234 ], [ 71.888954, 51.388589 ], [ 71.88952, 51.397569 ], [ 71.903876, 51.397214 ] ] ], [ [ [ 71.874601, 51.388942 ], [ 71.860247, 51.389293 ], [ 71.860808, 51.398274 ], [ 71.861369, 51.407255 ], [ 71.847009, 51.407605 ], [ 71.847567, 51.416585 ], [ 71.86193, 51.416235 ], [ 71.876292, 51.415884 ], [ 71.875728, 51.406903 ], [ 71.875164, 51.397923 ], [ 71.874601, 51.388942 ] ] ], [ [ [ 71.959373, 50.9191 ], [ 71.97358, 50.918738 ], [ 71.987787, 50.918375 ], [ 71.987212, 50.909395 ], [ 71.986637, 50.900415 ], [ 71.986062, 50.891434 ], [ 71.985487, 50.882454 ], [ 71.984913, 50.873473 ], [ 71.970719, 50.873836 ], [ 71.971291, 50.882816 ], [ 71.971863, 50.891797 ], [ 71.957664, 50.892158 ], [ 71.958233, 50.901138 ], [ 71.958803, 50.910119 ], [ 71.944598, 50.910478 ], [ 71.945165, 50.919459 ], [ 71.959373, 50.9191 ] ] ], [ [ [ 72.029823, 50.908296 ], [ 72.044026, 50.907926 ], [ 72.058229, 50.907555 ], [ 72.05764, 50.898575 ], [ 72.04344, 50.898946 ], [ 72.02924, 50.899316 ], [ 72.029823, 50.908296 ] ] ], [ [ [ 71.960514, 50.937061 ], [ 71.974727, 50.936699 ], [ 71.974153, 50.927719 ], [ 71.959943, 50.92808 ], [ 71.960514, 50.937061 ] ] ], [ [ [ 72.0345, 50.980136 ], [ 72.048725, 50.979765 ], [ 72.048137, 50.970785 ], [ 72.047549, 50.961806 ], [ 72.046961, 50.952826 ], [ 72.061177, 50.952454 ], [ 72.060587, 50.943474 ], [ 72.046373, 50.943846 ], [ 72.032159, 50.944216 ], [ 72.032744, 50.953196 ], [ 72.018527, 50.953565 ], [ 72.019109, 50.962545 ], [ 72.019692, 50.971525 ], [ 72.033915, 50.971156 ], [ 72.0345, 50.980136 ] ] ], [ [ [ 71.962799, 50.972983 ], [ 71.977023, 50.972621 ], [ 71.976448, 50.963641 ], [ 71.962227, 50.964002 ], [ 71.961656, 50.955022 ], [ 71.947437, 50.955382 ], [ 71.948006, 50.964363 ], [ 71.933784, 50.964721 ], [ 71.934351, 50.973702 ], [ 71.948575, 50.973343 ], [ 71.962799, 50.972983 ] ] ], [ [ [ 72.051672, 51.024664 ], [ 72.051082, 51.015684 ], [ 72.036846, 51.016055 ], [ 72.02261, 51.016425 ], [ 72.023195, 51.025405 ], [ 72.037433, 51.025035 ], [ 72.038021, 51.034015 ], [ 72.052262, 51.033644 ], [ 72.051672, 51.024664 ] ] ], [ [ [ 71.96681, 51.035846 ], [ 71.966236, 51.026866 ], [ 71.980476, 51.026503 ], [ 71.9799, 51.017523 ], [ 71.965662, 51.017885 ], [ 71.951424, 51.018246 ], [ 71.951995, 51.027227 ], [ 71.952566, 51.036207 ], [ 71.953138, 51.045188 ], [ 71.967384, 51.044826 ], [ 71.96681, 51.035846 ] ] ], [ [ [ 72.038609, 51.042995 ], [ 72.024364, 51.043365 ], [ 72.02495, 51.052344 ], [ 72.010702, 51.052713 ], [ 72.011285, 51.061693 ], [ 72.011869, 51.070673 ], [ 72.026121, 51.070304 ], [ 72.025536, 51.061324 ], [ 72.039785, 51.060954 ], [ 72.039197, 51.051975 ], [ 72.038609, 51.042995 ] ] ], [ [ [ 72.040963, 51.078914 ], [ 72.055218, 51.078542 ], [ 72.054627, 51.069562 ], [ 72.040374, 51.069934 ], [ 72.040963, 51.078914 ] ] ], [ [ [ 71.941169, 51.081469 ], [ 71.941739, 51.09045 ], [ 71.942309, 51.09943 ], [ 71.956572, 51.09907 ], [ 71.970834, 51.098708 ], [ 71.970259, 51.089728 ], [ 71.955999, 51.09009 ], [ 71.955426, 51.081109 ], [ 71.941169, 51.081469 ] ] ], [ [ [ 72.014204, 51.106592 ], [ 72.028468, 51.106223 ], [ 72.027881, 51.097244 ], [ 72.01362, 51.097612 ], [ 72.014204, 51.106592 ] ] ], [ [ [ 72.043913, 51.123812 ], [ 72.058182, 51.123439 ], [ 72.057589, 51.11446 ], [ 72.043322, 51.114832 ], [ 72.043913, 51.123812 ] ] ], [ [ [ 72.000522, 51.115939 ], [ 72.001104, 51.124919 ], [ 71.986834, 51.125285 ], [ 71.987414, 51.134265 ], [ 72.001687, 51.133899 ], [ 72.01596, 51.133532 ], [ 72.015374, 51.124552 ], [ 72.014789, 51.115572 ], [ 72.000522, 51.115939 ] ] ], [ [ [ 71.958293, 51.126011 ], [ 71.957719, 51.117031 ], [ 71.943451, 51.117391 ], [ 71.944022, 51.126372 ], [ 71.958293, 51.126011 ] ] ], [ [ [ 71.960017, 51.152952 ], [ 71.974296, 51.152589 ], [ 71.973718, 51.143609 ], [ 71.987994, 51.143245 ], [ 71.987414, 51.134265 ], [ 71.973141, 51.134629 ], [ 71.972564, 51.125649 ], [ 71.958293, 51.126011 ], [ 71.958867, 51.134991 ], [ 71.944594, 51.135352 ], [ 71.945166, 51.144332 ], [ 71.959442, 51.143972 ], [ 71.960017, 51.152952 ] ] ], [ [ [ 72.060558, 51.159357 ], [ 72.059964, 51.150378 ], [ 72.059369, 51.141398 ], [ 72.045095, 51.141771 ], [ 72.044504, 51.132792 ], [ 72.030232, 51.133163 ], [ 72.01596, 51.133532 ], [ 72.016545, 51.142512 ], [ 72.03082, 51.142142 ], [ 72.031409, 51.151122 ], [ 72.045687, 51.150751 ], [ 72.046278, 51.15973 ], [ 72.060558, 51.159357 ] ] ], [ [ [ 71.988575, 51.152225 ], [ 72.002853, 51.151859 ], [ 72.00227, 51.142879 ], [ 71.987994, 51.143245 ], [ 71.988575, 51.152225 ] ] ], [ [ [ 71.931458, 51.153672 ], [ 71.945738, 51.153313 ], [ 71.945166, 51.144332 ], [ 71.930889, 51.144691 ], [ 71.931458, 51.153672 ] ] ], [ [ [ 72.004604, 51.178799 ], [ 72.00402, 51.169819 ], [ 71.989736, 51.170185 ], [ 71.990318, 51.179165 ], [ 72.004604, 51.178799 ] ] ], [ [ [ 72.005189, 51.187779 ], [ 72.019478, 51.18741 ], [ 72.018891, 51.178431 ], [ 72.004604, 51.178799 ], [ 72.005189, 51.187779 ] ] ], [ [ [ 72.048648, 51.195648 ], [ 72.062939, 51.195275 ], [ 72.062344, 51.186295 ], [ 72.048055, 51.186669 ], [ 72.048648, 51.195648 ] ] ], [ [ [ 72.035538, 51.213979 ], [ 72.049835, 51.213607 ], [ 72.049242, 51.204628 ], [ 72.034948, 51.205 ], [ 72.035538, 51.213979 ] ] ], [ [ [ 72.006944, 51.214718 ], [ 72.006359, 51.205738 ], [ 71.992063, 51.206105 ], [ 71.992646, 51.215085 ], [ 72.006944, 51.214718 ] ] ], [ [ [ 71.949751, 51.216175 ], [ 71.949177, 51.207195 ], [ 71.93488, 51.207554 ], [ 71.935452, 51.216535 ], [ 71.949751, 51.216175 ] ] ], [ [ [ 71.950325, 51.225155 ], [ 71.964627, 51.224793 ], [ 71.96405, 51.215813 ], [ 71.949751, 51.216175 ], [ 71.950325, 51.225155 ] ] ], [ [ [ 72.036721, 51.231938 ], [ 72.051023, 51.231566 ], [ 72.050429, 51.222587 ], [ 72.03613, 51.222959 ], [ 72.036721, 51.231938 ] ] ], [ [ [ 71.993229, 51.224065 ], [ 71.993812, 51.233045 ], [ 72.008115, 51.232678 ], [ 72.022418, 51.232309 ], [ 72.02183, 51.223329 ], [ 72.007529, 51.223698 ], [ 71.993229, 51.224065 ] ] ], [ [ [ 72.023597, 51.250268 ], [ 72.024186, 51.259248 ], [ 72.038497, 51.258877 ], [ 72.037905, 51.249897 ], [ 72.037313, 51.240918 ], [ 72.023007, 51.241288 ], [ 72.008701, 51.241657 ], [ 72.009288, 51.250637 ], [ 72.023597, 51.250268 ] ] ], [ [ [ 72.025366, 51.277207 ], [ 72.025957, 51.286186 ], [ 72.040276, 51.285815 ], [ 72.054595, 51.285442 ], [ 72.053999, 51.276463 ], [ 72.039683, 51.276836 ], [ 72.025366, 51.277207 ] ] ], [ [ [ 72.026548, 51.295166 ], [ 72.025957, 51.286186 ], [ 72.011637, 51.286556 ], [ 72.012225, 51.295535 ], [ 72.026548, 51.295166 ] ] ], [ [ [ 71.983579, 51.296269 ], [ 71.997902, 51.295903 ], [ 71.997317, 51.286923 ], [ 71.982997, 51.287289 ], [ 71.983579, 51.296269 ] ] ], [ [ [ 72.043247, 51.330712 ], [ 72.05758, 51.330338 ], [ 72.056983, 51.321359 ], [ 72.042652, 51.321732 ], [ 72.043247, 51.330712 ] ] ], [ [ [ 71.960137, 51.377816 ], [ 71.974486, 51.377453 ], [ 71.973904, 51.368473 ], [ 71.959558, 51.368836 ], [ 71.960137, 51.377816 ] ] ], [ [ [ 71.945788, 51.378178 ], [ 71.945211, 51.369198 ], [ 71.930865, 51.369558 ], [ 71.931439, 51.378538 ], [ 71.945788, 51.378178 ] ] ], [ [ [ 71.961878, 51.404756 ], [ 71.962458, 51.413736 ], [ 71.963039, 51.422716 ], [ 71.977402, 51.422351 ], [ 71.991765, 51.421985 ], [ 72.006127, 51.421618 ], [ 72.020489, 51.421248 ], [ 72.034851, 51.420877 ], [ 72.049212, 51.420504 ], [ 72.048614, 51.411525 ], [ 72.048017, 51.402545 ], [ 72.047419, 51.393566 ], [ 72.033066, 51.393939 ], [ 72.032472, 51.38496 ], [ 72.018122, 51.38533 ], [ 72.003771, 51.3857 ], [ 71.98942, 51.386067 ], [ 71.975069, 51.386432 ], [ 71.960717, 51.386796 ], [ 71.961297, 51.395776 ], [ 71.961878, 51.404756 ] ] ], [ [ [ 71.932013, 51.387518 ], [ 71.932587, 51.396499 ], [ 71.933162, 51.405479 ], [ 71.94752, 51.405118 ], [ 71.946942, 51.396138 ], [ 71.946365, 51.387158 ], [ 71.932013, 51.387518 ] ] ] ] } },
{ "type": "Feature", "properties": { "risk_class": 3 }, "geometry": { "type": "MultiPolygon", "coordinates": [ [ [ [ 70.951872, 50.985267 ], [ 70.95225, 50.994254 ], [ 70.966491, 50.994016 ], [ 70.966871, 51.003003 ], [ 70.967251, 51.01199 ], [ 70.981497, 51.011749 ], [ 70.981114, 51.002762 ], [ 70.995358, 51.00252 ], [ 70.995743, 51.011507 ], [ 71.009989, 51.011262 ], [ 71.009601, 51.002275 ], [ 71.023844, 51.002029 ], [ 71.038087, 51.001782 ], [ 71.037693, 50.992795 ], [ 71.023453, 50.993042 ], [ 71.023062, 50.984056 ], [ 71.008824, 50.984301 ], [ 70.994587, 50.984545 ], [ 70.994972, 50.993532 ], [ 70.980731, 50.993775 ], [ 70.980349, 50.984788 ], [ 70.966111, 50.985028 ], [ 70.951872, 50.985267 ] ] ], [ [ [ 70.923767, 50.994727 ], [ 70.924139, 51.003715 ], [ 70.938383, 51.003479 ], [ 70.952627, 51.003242 ], [ 70.95225, 50.994254 ], [ 70.938008, 50.994492 ], [ 70.923767, 50.994727 ] ] ], [ [ [ 70.910264, 51.012936 ], [ 70.924511, 51.012702 ], [ 70.924139, 51.003715 ], [ 70.909894, 51.003948 ], [ 70.910264, 51.012936 ] ] ], [ [ [ 70.953004, 51.012229 ], [ 70.938758, 51.012466 ], [ 70.939133, 51.021454 ], [ 70.953382, 51.021216 ], [ 70.953004, 51.012229 ] ] ], [ [ [ 71.010767, 51.029236 ], [ 71.010378, 51.020249 ], [ 70.996129, 51.020494 ], [ 70.996516, 51.029481 ], [ 71.010767, 51.029236 ] ] ], [ [ [ 70.939508, 51.030441 ], [ 70.939133, 51.021454 ], [ 70.924883, 51.021689 ], [ 70.925255, 51.030677 ], [ 70.939508, 51.030441 ] ] ], [ [ [ 70.89675, 51.031143 ], [ 70.911003, 51.030911 ], [ 70.910633, 51.021923 ], [ 70.896383, 51.022155 ], [ 70.89675, 51.031143 ] ] ], [ [ [ 70.95376, 51.030203 ], [ 70.939508, 51.030441 ], [ 70.939883, 51.039428 ], [ 70.954138, 51.039191 ], [ 70.968393, 51.038951 ], [ 70.968012, 51.029964 ], [ 70.95376, 51.030203 ] ] ], [ [ [ 70.983031, 51.047697 ], [ 70.983415, 51.056684 ], [ 70.983799, 51.065671 ], [ 70.998062, 51.065428 ], [ 70.997675, 51.056441 ], [ 71.011935, 51.056197 ], [ 71.011545, 51.04721 ], [ 71.025802, 51.046964 ], [ 71.02541, 51.037977 ], [ 71.011156, 51.038223 ], [ 70.996902, 51.038468 ], [ 70.982647, 51.03871 ], [ 70.968393, 51.038951 ], [ 70.968774, 51.047938 ], [ 70.983031, 51.047697 ] ] ], [ [ [ 70.926001, 51.048651 ], [ 70.940259, 51.048416 ], [ 70.939883, 51.039428 ], [ 70.925628, 51.039664 ], [ 70.926001, 51.048651 ] ] ], [ [ [ 70.911742, 51.048886 ], [ 70.911372, 51.039898 ], [ 70.897117, 51.040131 ], [ 70.897484, 51.049118 ], [ 70.897852, 51.058105 ], [ 70.912113, 51.057873 ], [ 70.926374, 51.057639 ], [ 70.926001, 51.048651 ], [ 70.911742, 51.048886 ] ] ], [ [ [ 70.954516, 51.048178 ], [ 70.940259, 51.048416 ], [ 70.940634, 51.057403 ], [ 70.954895, 51.057165 ], [ 70.969155, 51.056926 ], [ 70.968774, 51.047938 ], [ 70.954516, 51.048178 ] ] ], [ [ [ 70.926747, 51.066626 ], [ 70.94101, 51.06639 ], [ 70.940634, 51.057403 ], [ 70.926374, 51.057639 ], [ 70.926747, 51.066626 ] ] ], [ [ [ 71.012325, 51.065184 ], [ 70.998062, 51.065428 ], [ 70.998449, 51.074415 ], [ 70.998837, 51.083402 ], [ 70.984568, 51.083645 ], [ 70.9703, 51.083887 ], [ 70.970682, 51.092874 ], [ 70.984953, 51.092632 ], [ 70.999224, 51.092389 ], [ 71.013495, 51.092144 ], [ 71.013105, 51.083157 ], [ 71.012715, 51.07417 ], [ 71.012325, 51.065184 ] ] ], [ [ [ 70.898587, 51.07608 ], [ 70.898219, 51.067093 ], [ 70.883955, 51.067324 ], [ 70.88432, 51.076311 ], [ 70.898587, 51.07608 ] ] ], [ [ [ 70.941386, 51.075377 ], [ 70.941763, 51.084364 ], [ 70.956031, 51.084127 ], [ 70.9703, 51.083887 ], [ 70.969918, 51.0749 ], [ 70.955652, 51.075139 ], [ 70.941386, 51.075377 ] ] ], [ [ [ 70.913224, 51.084835 ], [ 70.927494, 51.084601 ], [ 70.92712, 51.075613 ], [ 70.912854, 51.075848 ], [ 70.913224, 51.084835 ] ] ], [ [ [ 70.927867, 51.093588 ], [ 70.942139, 51.093352 ], [ 70.941763, 51.084364 ], [ 70.927494, 51.084601 ], [ 70.927867, 51.093588 ] ] ], [ [ [ 70.927867, 51.093588 ], [ 70.913595, 51.093822 ], [ 70.913224, 51.084835 ], [ 70.898955, 51.085068 ], [ 70.884686, 51.085299 ], [ 70.885051, 51.094286 ], [ 70.899323, 51.094055 ], [ 70.899692, 51.103043 ], [ 70.913967, 51.10281 ], [ 70.928241, 51.102575 ], [ 70.927867, 51.093588 ] ] ], [ [ [ 71.027765, 51.091897 ], [ 71.013495, 51.092144 ], [ 71.013885, 51.101131 ], [ 70.999612, 51.101376 ], [ 71.0, 51.110363 ], [ 71.014276, 51.110118 ], [ 71.028552, 51.109871 ], [ 71.028159, 51.100884 ], [ 71.027765, 51.091897 ] ] ], [ [ [ 70.985723, 51.110606 ], [ 70.985338, 51.101619 ], [ 70.971064, 51.101861 ], [ 70.971447, 51.110848 ], [ 70.971829, 51.119835 ], [ 70.972212, 51.128822 ], [ 70.986494, 51.12858 ], [ 70.986109, 51.119593 ], [ 70.985723, 51.110606 ] ] ], [ [ [ 70.942893, 51.111326 ], [ 70.942516, 51.102339 ], [ 70.928241, 51.102575 ], [ 70.928615, 51.111562 ], [ 70.92899, 51.12055 ], [ 70.94327, 51.120313 ], [ 70.95755, 51.120075 ], [ 70.95717, 51.111088 ], [ 70.942893, 51.111326 ] ] ], [ [ [ 71.032894, 51.208723 ], [ 71.0472, 51.208474 ], [ 71.046802, 51.199487 ], [ 71.061105, 51.199236 ], [ 71.060704, 51.19025 ], [ 71.060303, 51.181264 ], [ 71.046005, 51.181515 ], [ 71.046403, 51.190501 ], [ 71.032103, 51.19075 ], [ 71.032498, 51.199737 ], [ 71.018194, 51.199985 ], [ 71.00389, 51.20023 ], [ 71.00428, 51.209217 ], [ 71.018587, 51.208971 ], [ 71.032894, 51.208723 ] ] ], [ [ [ 71.004671, 51.218204 ], [ 71.00428, 51.209217 ], [ 70.989973, 51.209461 ], [ 70.990361, 51.218448 ], [ 70.976051, 51.218691 ], [ 70.976436, 51.227678 ], [ 70.990749, 51.227435 ], [ 70.991137, 51.236422 ], [ 71.005452, 51.236177 ], [ 71.005061, 51.22719 ], [ 71.004671, 51.218204 ] ] ], [ [ [ 70.976821, 51.236664 ], [ 70.976436, 51.227678 ], [ 70.962123, 51.227918 ], [ 70.962505, 51.236905 ], [ 70.976821, 51.236664 ] ] ], [ [ [ 71.006234, 51.25415 ], [ 71.020555, 51.253904 ], [ 71.020161, 51.244917 ], [ 71.034479, 51.244669 ], [ 71.048796, 51.24442 ], [ 71.063114, 51.244168 ], [ 71.077431, 51.243915 ], [ 71.077836, 51.252901 ], [ 71.092155, 51.252646 ], [ 71.091748, 51.24366 ], [ 71.09134, 51.234673 ], [ 71.077026, 51.234928 ], [ 71.076621, 51.225942 ], [ 71.06231, 51.226195 ], [ 71.062711, 51.235182 ], [ 71.048397, 51.235433 ], [ 71.047998, 51.226447 ], [ 71.047599, 51.21746 ], [ 71.03329, 51.21771 ], [ 71.033686, 51.226696 ], [ 71.034082, 51.235683 ], [ 71.019767, 51.235931 ], [ 71.005452, 51.236177 ], [ 71.005843, 51.245164 ], [ 71.006234, 51.25415 ] ] ], [ [ [ 70.991525, 51.245408 ], [ 70.977207, 51.245651 ], [ 70.977592, 51.254638 ], [ 70.977978, 51.263625 ], [ 70.978364, 51.272611 ], [ 70.992691, 51.272368 ], [ 70.992302, 51.263382 ], [ 71.006626, 51.263137 ], [ 71.006234, 51.25415 ], [ 70.991913, 51.254395 ], [ 70.991525, 51.245408 ] ] ], [ [ [ 70.907472, 51.291774 ], [ 70.921805, 51.29154 ], [ 70.92143, 51.282553 ], [ 70.93576, 51.282317 ], [ 70.950091, 51.282079 ], [ 70.94971, 51.273092 ], [ 70.964037, 51.272853 ], [ 70.963654, 51.263866 ], [ 70.963271, 51.254879 ], [ 70.948949, 51.255118 ], [ 70.934628, 51.255356 ], [ 70.935005, 51.264343 ], [ 70.92068, 51.264579 ], [ 70.906355, 51.264813 ], [ 70.906727, 51.2738 ], [ 70.9071, 51.282787 ], [ 70.907472, 51.291774 ] ] ], [ [ [ 70.979136, 51.290585 ], [ 70.993469, 51.290342 ], [ 71.007801, 51.290097 ], [ 71.022133, 51.28985 ], [ 71.021738, 51.280863 ], [ 71.036067, 51.280615 ], [ 71.03567, 51.271629 ], [ 71.021343, 51.271877 ], [ 71.007017, 51.272123 ], [ 71.007409, 51.28111 ], [ 70.99308, 51.281355 ], [ 70.97875, 51.281598 ], [ 70.979136, 51.290585 ] ] ], [ [ [ 70.979523, 51.299571 ], [ 70.979136, 51.290585 ], [ 70.964804, 51.290826 ], [ 70.965188, 51.299813 ], [ 70.979523, 51.299571 ] ] ], [ [ [ 70.950852, 51.300053 ], [ 70.950471, 51.291066 ], [ 70.936138, 51.291304 ], [ 70.936517, 51.300291 ], [ 70.950852, 51.300053 ] ] ], [ [ [ 70.951233, 51.309039 ], [ 70.965572, 51.3088 ], [ 70.965188, 51.299813 ], [ 70.950852, 51.300053 ], [ 70.951233, 51.309039 ] ] ], [ [ [ 70.936895, 51.309278 ], [ 70.936517, 51.300291 ], [ 70.922181, 51.300527 ], [ 70.907845, 51.300761 ], [ 70.893508, 51.300994 ], [ 70.893878, 51.309981 ], [ 70.908217, 51.309749 ], [ 70.922556, 51.309514 ], [ 70.936895, 51.309278 ] ] ], [ [ [ 70.951996, 51.327013 ], [ 70.952378, 51.336 ], [ 70.95276, 51.344987 ], [ 70.953142, 51.353973 ], [ 70.967495, 51.353733 ], [ 70.96711, 51.344746 ], [ 70.981459, 51.344505 ], [ 70.981847, 51.353491 ], [ 70.996199, 51.353247 ], [ 71.01055, 51.353002 ], [ 71.010157, 51.344015 ], [ 70.995808, 51.344261 ], [ 70.995418, 51.335274 ], [ 71.009764, 51.335029 ], [ 71.009371, 51.326043 ], [ 71.023714, 51.325795 ], [ 71.038057, 51.325547 ], [ 71.037658, 51.31656 ], [ 71.051998, 51.31631 ], [ 71.052399, 51.325296 ], [ 71.066742, 51.325044 ], [ 71.066338, 51.316058 ], [ 71.065934, 51.307072 ], [ 71.051597, 51.307324 ], [ 71.03726, 51.307574 ], [ 71.022923, 51.307823 ], [ 71.008585, 51.30807 ], [ 70.994248, 51.308315 ], [ 70.97991, 51.308558 ], [ 70.965572, 51.3088 ], [ 70.965956, 51.317786 ], [ 70.951615, 51.318026 ], [ 70.937274, 51.318264 ], [ 70.937652, 51.327251 ], [ 70.951996, 51.327013 ] ], [ [ 70.980297, 51.317545 ], [ 70.994637, 51.317301 ], [ 70.995027, 51.326288 ], [ 70.980684, 51.326531 ], [ 70.981071, 51.335518 ], [ 70.966725, 51.33576 ], [ 70.96634, 51.326773 ], [ 70.965956, 51.317786 ], [ 70.980297, 51.317545 ] ] ], [ [ [ 70.89536, 51.34593 ], [ 70.895731, 51.354917 ], [ 70.910084, 51.354683 ], [ 70.924437, 51.354449 ], [ 70.93879, 51.354212 ], [ 70.93841, 51.345225 ], [ 70.924061, 51.345462 ], [ 70.923684, 51.336475 ], [ 70.923308, 51.327488 ], [ 70.922932, 51.318501 ], [ 70.90859, 51.318736 ], [ 70.894249, 51.318968 ], [ 70.894619, 51.327956 ], [ 70.908964, 51.327723 ], [ 70.909337, 51.33671 ], [ 70.909711, 51.345697 ], [ 70.89536, 51.34593 ] ] ], [ [ [ 71.119854, 50.919382 ], [ 71.120263, 50.928368 ], [ 71.106043, 50.928626 ], [ 71.106449, 50.937612 ], [ 71.120672, 50.937355 ], [ 71.134894, 50.937095 ], [ 71.149116, 50.936834 ], [ 71.163338, 50.936572 ], [ 71.16292, 50.927585 ], [ 71.148701, 50.927848 ], [ 71.148287, 50.918862 ], [ 71.147874, 50.909876 ], [ 71.13366, 50.910136 ], [ 71.119446, 50.910395 ], [ 71.105232, 50.910652 ], [ 71.105637, 50.919639 ], [ 71.119854, 50.919382 ] ] ], [ [ [ 71.13613, 50.964054 ], [ 71.135718, 50.955068 ], [ 71.12149, 50.955327 ], [ 71.107262, 50.955585 ], [ 71.093034, 50.955841 ], [ 71.093438, 50.964828 ], [ 71.107669, 50.964572 ], [ 71.108076, 50.973558 ], [ 71.122309, 50.9733 ], [ 71.121899, 50.964314 ], [ 71.13613, 50.964054 ] ] ], [ [ [ 71.066572, 51.001281 ], [ 71.066172, 50.992295 ], [ 71.051933, 50.992546 ], [ 71.052329, 51.001532 ], [ 71.066572, 51.001281 ] ] ], [ [ [ 71.038481, 51.010769 ], [ 71.038875, 51.019755 ], [ 71.039269, 51.028742 ], [ 71.039664, 51.037729 ], [ 71.053918, 51.037479 ], [ 71.05352, 51.028492 ], [ 71.067771, 51.028241 ], [ 71.082021, 51.027988 ], [ 71.081619, 51.019001 ], [ 71.067371, 51.019254 ], [ 71.066971, 51.010268 ], [ 71.052726, 51.010519 ], [ 71.052329, 51.001532 ], [ 71.038087, 51.001782 ], [ 71.038481, 51.010769 ] ] ], [ [ [ 71.010378, 51.020249 ], [ 71.024627, 51.020003 ], [ 71.024235, 51.011016 ], [ 71.009989, 51.011262 ], [ 71.010378, 51.020249 ] ] ], [ [ [ 71.068972, 51.055201 ], [ 71.08323, 51.054947 ], [ 71.082827, 51.045961 ], [ 71.068571, 51.046214 ], [ 71.068972, 51.055201 ] ] ], [ [ [ 71.054713, 51.055452 ], [ 71.054315, 51.046466 ], [ 71.040059, 51.046716 ], [ 71.025802, 51.046964 ], [ 71.026194, 51.05595 ], [ 71.040454, 51.055702 ], [ 71.040849, 51.064689 ], [ 71.055111, 51.064439 ], [ 71.069373, 51.064187 ], [ 71.068972, 51.055201 ], [ 71.054713, 51.055452 ] ] ], [ [ [ 71.084442, 51.081907 ], [ 71.098708, 51.081651 ], [ 71.098302, 51.072665 ], [ 71.084038, 51.07292 ], [ 71.084442, 51.081907 ] ] ], [ [ [ 71.027372, 51.082911 ], [ 71.04164, 51.082662 ], [ 71.055907, 51.082412 ], [ 71.055509, 51.073426 ], [ 71.041244, 51.073676 ], [ 71.02698, 51.073924 ], [ 71.027372, 51.082911 ] ] ], [ [ [ 71.130133, 51.144038 ], [ 71.144418, 51.143777 ], [ 71.158703, 51.143514 ], [ 71.158284, 51.134528 ], [ 71.144002, 51.134791 ], [ 71.129719, 51.135052 ], [ 71.115436, 51.135311 ], [ 71.115847, 51.144298 ], [ 71.130133, 51.144038 ] ] ], [ [ [ 71.044415, 51.145568 ], [ 71.044018, 51.136582 ], [ 71.029734, 51.136831 ], [ 71.030128, 51.145817 ], [ 71.044415, 51.145568 ] ] ], [ [ [ 71.074601, 51.181011 ], [ 71.074197, 51.172024 ], [ 71.059903, 51.172277 ], [ 71.060303, 51.181264 ], [ 71.074601, 51.181011 ] ] ], [ [ [ 71.089305, 51.189743 ], [ 71.103605, 51.189486 ], [ 71.103196, 51.1805 ], [ 71.088898, 51.180756 ], [ 71.089305, 51.189743 ] ] ], [ [ [ 71.075408, 51.198983 ], [ 71.089711, 51.198729 ], [ 71.089305, 51.189743 ], [ 71.075004, 51.189997 ], [ 71.075408, 51.198983 ] ] ], [ [ [ 71.090118, 51.207715 ], [ 71.104424, 51.207458 ], [ 71.104014, 51.198472 ], [ 71.089711, 51.198729 ], [ 71.090118, 51.207715 ] ] ], [ [ [ 71.119554, 51.225172 ], [ 71.119967, 51.234158 ], [ 71.134281, 51.233898 ], [ 71.148594, 51.233636 ], [ 71.148176, 51.22465 ], [ 71.162486, 51.224387 ], [ 71.162907, 51.233372 ], [ 71.17722, 51.233107 ], [ 71.176796, 51.224121 ], [ 71.176372, 51.215135 ], [ 71.175948, 51.20615 ], [ 71.161644, 51.206415 ], [ 71.162065, 51.215401 ], [ 71.147757, 51.215664 ], [ 71.147339, 51.206678 ], [ 71.133034, 51.20694 ], [ 71.13345, 51.215926 ], [ 71.119142, 51.216186 ], [ 71.104834, 51.216445 ], [ 71.090525, 51.216701 ], [ 71.076217, 51.216956 ], [ 71.076621, 51.225942 ], [ 71.090932, 51.225687 ], [ 71.105244, 51.225431 ], [ 71.119554, 51.225172 ] ] ], [ [ [ 71.106064, 51.243403 ], [ 71.106475, 51.252389 ], [ 71.120794, 51.25213 ], [ 71.120381, 51.243144 ], [ 71.119967, 51.234158 ], [ 71.105654, 51.234417 ], [ 71.106064, 51.243403 ] ] ], [ [ [ 71.049995, 51.271379 ], [ 71.049595, 51.262392 ], [ 71.049196, 51.253406 ], [ 71.034875, 51.253656 ], [ 71.035272, 51.262642 ], [ 71.03567, 51.271629 ], [ 71.049995, 51.271379 ] ] ], [ [ [ 71.107708, 51.279347 ], [ 71.10812, 51.288333 ], [ 71.12245, 51.288074 ], [ 71.122865, 51.29706 ], [ 71.108531, 51.297319 ], [ 71.108943, 51.306305 ], [ 71.123279, 51.306046 ], [ 71.137615, 51.305785 ], [ 71.137198, 51.296799 ], [ 71.15153, 51.296536 ], [ 71.151951, 51.305522 ], [ 71.166286, 51.305258 ], [ 71.165863, 51.296272 ], [ 71.180195, 51.296006 ], [ 71.194527, 51.295738 ], [ 71.194099, 51.286753 ], [ 71.193671, 51.277767 ], [ 71.179344, 51.278035 ], [ 71.165017, 51.278301 ], [ 71.16544, 51.287286 ], [ 71.15111, 51.287551 ], [ 71.13678, 51.287813 ], [ 71.136363, 51.278827 ], [ 71.135946, 51.269841 ], [ 71.13553, 51.260856 ], [ 71.121208, 51.261116 ], [ 71.106886, 51.261375 ], [ 71.092564, 51.261632 ], [ 71.092972, 51.270618 ], [ 71.107297, 51.270361 ], [ 71.121622, 51.270102 ], [ 71.122036, 51.279088 ], [ 71.107708, 51.279347 ] ] ], [ [ [ 71.079052, 51.279859 ], [ 71.078647, 51.270873 ], [ 71.064321, 51.271127 ], [ 71.064724, 51.280113 ], [ 71.079052, 51.279859 ] ] ], [ [ [ 71.093789, 51.28859 ], [ 71.09338, 51.279604 ], [ 71.079052, 51.279859 ], [ 71.079458, 51.288845 ], [ 71.093789, 51.28859 ] ] ], [ [ [ 71.065934, 51.307072 ], [ 71.080271, 51.306818 ], [ 71.080677, 51.315804 ], [ 71.095016, 51.315548 ], [ 71.109355, 51.315291 ], [ 71.108943, 51.306305 ], [ 71.094607, 51.306562 ], [ 71.094198, 51.297576 ], [ 71.079864, 51.297832 ], [ 71.079458, 51.288845 ], [ 71.065127, 51.289099 ], [ 71.06553, 51.298085 ], [ 71.065934, 51.307072 ] ] ], [ [ [ 71.036862, 51.298588 ], [ 71.051196, 51.298337 ], [ 71.050796, 51.289351 ], [ 71.036464, 51.289601 ], [ 71.036862, 51.298588 ] ] ], [ [ [ 71.081084, 51.32479 ], [ 71.081491, 51.333776 ], [ 71.095836, 51.33352 ], [ 71.11018, 51.333262 ], [ 71.109768, 51.324276 ], [ 71.095426, 51.324534 ], [ 71.081084, 51.32479 ] ] ], [ [ [ 71.025695, 51.370727 ], [ 71.040052, 51.370478 ], [ 71.039652, 51.361492 ], [ 71.054006, 51.361241 ], [ 71.053604, 51.352255 ], [ 71.053202, 51.343269 ], [ 71.06755, 51.343016 ], [ 71.081898, 51.342762 ], [ 71.081491, 51.333776 ], [ 71.067146, 51.33403 ], [ 71.052801, 51.334282 ], [ 71.052399, 51.325296 ], [ 71.038057, 51.325547 ], [ 71.038455, 51.334533 ], [ 71.038854, 51.343519 ], [ 71.024506, 51.343768 ], [ 71.024902, 51.352755 ], [ 71.025298, 51.361741 ], [ 71.025695, 51.370727 ] ] ], [ [ [ 71.12494, 51.341989 ], [ 71.124525, 51.333003 ], [ 71.11018, 51.333262 ], [ 71.110593, 51.342248 ], [ 71.12494, 51.341989 ] ] ], [ [ [ 71.097477, 51.369464 ], [ 71.097066, 51.360478 ], [ 71.111419, 51.36022 ], [ 71.111006, 51.351234 ], [ 71.110593, 51.342248 ], [ 71.096246, 51.342506 ], [ 71.096656, 51.351492 ], [ 71.082306, 51.351748 ], [ 71.082713, 51.360734 ], [ 71.083121, 51.36972 ], [ 71.097477, 51.369464 ] ] ], [ [ [ 71.055213, 51.388199 ], [ 71.069575, 51.387946 ], [ 71.06917, 51.37896 ], [ 71.083529, 51.378706 ], [ 71.083121, 51.36972 ], [ 71.068765, 51.369974 ], [ 71.06836, 51.360988 ], [ 71.054006, 51.361241 ], [ 71.054408, 51.370227 ], [ 71.054811, 51.379213 ], [ 71.040451, 51.379464 ], [ 71.040851, 51.38845 ], [ 71.055213, 51.388199 ] ] ], [ [ [ 71.140963, 51.37767 ], [ 71.155321, 51.377407 ], [ 71.154899, 51.368421 ], [ 71.154477, 51.359436 ], [ 71.140125, 51.359699 ], [ 71.140544, 51.368685 ], [ 71.126188, 51.368946 ], [ 71.111833, 51.369206 ], [ 71.112247, 51.378192 ], [ 71.126605, 51.377932 ], [ 71.140963, 51.37767 ] ] ], [ [ [ 71.097888, 51.37845 ], [ 71.083529, 51.378706 ], [ 71.083937, 51.387692 ], [ 71.098299, 51.387435 ], [ 71.11266, 51.387177 ], [ 71.112247, 51.378192 ], [ 71.097888, 51.37845 ] ] ], [ [ [ 71.203877, 50.890843 ], [ 71.18967, 50.891111 ], [ 71.190092, 50.900097 ], [ 71.204302, 50.899829 ], [ 71.203877, 50.890843 ] ] ], [ [ [ 71.1763, 50.909349 ], [ 71.190514, 50.909083 ], [ 71.190092, 50.900097 ], [ 71.175881, 50.900363 ], [ 71.1763, 50.909349 ] ] ], [ [ [ 71.162504, 50.918599 ], [ 71.17672, 50.918335 ], [ 71.1763, 50.909349 ], [ 71.162087, 50.909613 ], [ 71.162504, 50.918599 ] ] ], [ [ [ 71.191358, 50.927055 ], [ 71.205576, 50.926787 ], [ 71.219794, 50.926518 ], [ 71.234012, 50.926246 ], [ 71.233582, 50.917261 ], [ 71.219367, 50.917532 ], [ 71.205151, 50.917801 ], [ 71.190936, 50.918069 ], [ 71.191358, 50.927055 ] ] ], [ [ [ 71.163338, 50.936572 ], [ 71.163755, 50.945558 ], [ 71.164172, 50.954544 ], [ 71.16459, 50.96353 ], [ 71.17882, 50.963265 ], [ 71.178399, 50.954279 ], [ 71.177979, 50.945293 ], [ 71.177559, 50.936307 ], [ 71.163338, 50.936572 ] ] ], [ [ [ 71.206853, 50.953745 ], [ 71.221079, 50.953475 ], [ 71.221508, 50.962461 ], [ 71.207278, 50.962731 ], [ 71.207705, 50.971717 ], [ 71.193473, 50.971985 ], [ 71.193896, 50.980971 ], [ 71.208131, 50.980703 ], [ 71.222365, 50.980433 ], [ 71.222795, 50.989418 ], [ 71.223224, 50.998404 ], [ 71.223654, 51.00739 ], [ 71.224084, 51.016375 ], [ 71.238329, 51.016103 ], [ 71.252574, 51.015829 ], [ 71.252139, 51.006844 ], [ 71.237897, 51.007118 ], [ 71.237464, 50.998132 ], [ 71.237032, 50.989146 ], [ 71.2366, 50.980161 ], [ 71.250834, 50.979887 ], [ 71.250399, 50.970902 ], [ 71.249965, 50.961916 ], [ 71.249531, 50.95293 ], [ 71.235305, 50.953204 ], [ 71.234874, 50.944218 ], [ 71.220651, 50.944489 ], [ 71.220222, 50.935504 ], [ 71.206001, 50.935773 ], [ 71.206427, 50.944759 ], [ 71.192203, 50.945027 ], [ 71.192626, 50.954013 ], [ 71.206853, 50.953745 ] ] ], [ [ [ 71.15119, 50.981766 ], [ 71.165426, 50.981502 ], [ 71.165844, 50.990488 ], [ 71.180082, 50.990224 ], [ 71.19432, 50.989957 ], [ 71.193896, 50.980971 ], [ 71.179661, 50.981238 ], [ 71.17924, 50.972251 ], [ 71.165008, 50.972516 ], [ 71.16459, 50.96353 ], [ 71.15036, 50.963793 ], [ 71.13613, 50.964054 ], [ 71.136542, 50.973041 ], [ 71.122309, 50.9733 ], [ 71.122719, 50.982287 ], [ 71.136955, 50.982027 ], [ 71.137368, 50.991013 ], [ 71.151606, 50.990752 ], [ 71.15119, 50.981766 ] ] ], [ [ [ 71.182613, 51.044139 ], [ 71.196867, 51.043872 ], [ 71.196442, 51.034886 ], [ 71.182191, 51.035153 ], [ 71.182613, 51.044139 ] ] ], [ [ [ 71.169198, 51.062377 ], [ 71.183458, 51.062111 ], [ 71.183036, 51.053125 ], [ 71.168778, 51.053391 ], [ 71.154521, 51.053654 ], [ 71.140263, 51.053917 ], [ 71.140678, 51.062903 ], [ 71.141092, 51.071889 ], [ 71.155356, 51.071627 ], [ 71.169619, 51.071363 ], [ 71.169198, 51.062377 ] ] ], [ [ [ 71.170039, 51.080348 ], [ 71.184305, 51.080083 ], [ 71.183881, 51.071097 ], [ 71.169619, 51.071363 ], [ 71.170039, 51.080348 ] ] ], [ [ [ 71.142338, 51.098847 ], [ 71.156609, 51.098585 ], [ 71.170881, 51.09832 ], [ 71.171302, 51.107306 ], [ 71.171723, 51.116292 ], [ 71.186, 51.116026 ], [ 71.185576, 51.10704 ], [ 71.199849, 51.106772 ], [ 71.199422, 51.097787 ], [ 71.198996, 51.088801 ], [ 71.19857, 51.079815 ], [ 71.184305, 51.080083 ], [ 71.184728, 51.089069 ], [ 71.17046, 51.089334 ], [ 71.170039, 51.080348 ], [ 71.155773, 51.080613 ], [ 71.156191, 51.089599 ], [ 71.141923, 51.089861 ], [ 71.142338, 51.098847 ] ] ], [ [ [ 71.128479, 51.108094 ], [ 71.128892, 51.11708 ], [ 71.129305, 51.126066 ], [ 71.143585, 51.125805 ], [ 71.143169, 51.116819 ], [ 71.142754, 51.107833 ], [ 71.128479, 51.108094 ] ] ], [ [ [ 71.172145, 51.125278 ], [ 71.171723, 51.116292 ], [ 71.157446, 51.116556 ], [ 71.157865, 51.125542 ], [ 71.172145, 51.125278 ] ] ], [ [ [ 71.187273, 51.142983 ], [ 71.186848, 51.133997 ], [ 71.186424, 51.125012 ], [ 71.172145, 51.125278 ], [ 71.172566, 51.134264 ], [ 71.172988, 51.14325 ], [ 71.173411, 51.152235 ], [ 71.187698, 51.151969 ], [ 71.188123, 51.160955 ], [ 71.202414, 51.160686 ], [ 71.216703, 51.160416 ], [ 71.216273, 51.151431 ], [ 71.201986, 51.151701 ], [ 71.201558, 51.142715 ], [ 71.187273, 51.142983 ] ] ], [ [ [ 71.159542, 51.161486 ], [ 71.159123, 51.1525 ], [ 71.144835, 51.152763 ], [ 71.145252, 51.161749 ], [ 71.159542, 51.161486 ] ] ], [ [ [ 71.189826, 51.196897 ], [ 71.1894, 51.187912 ], [ 71.188974, 51.178926 ], [ 71.188549, 51.16994 ], [ 71.174256, 51.170207 ], [ 71.174678, 51.179193 ], [ 71.160382, 51.179458 ], [ 71.146086, 51.179721 ], [ 71.146503, 51.188707 ], [ 71.160803, 51.188443 ], [ 71.161223, 51.197429 ], [ 71.175525, 51.197164 ], [ 71.189826, 51.196897 ] ] ], [ [ [ 71.132204, 51.188968 ], [ 71.131789, 51.179982 ], [ 71.117493, 51.180242 ], [ 71.117904, 51.189228 ], [ 71.132204, 51.188968 ] ] ], [ [ [ 71.146921, 51.197693 ], [ 71.147339, 51.206678 ], [ 71.161644, 51.206415 ], [ 71.161223, 51.197429 ], [ 71.146921, 51.197693 ] ] ], [ [ [ 71.133034, 51.20694 ], [ 71.132619, 51.197954 ], [ 71.118317, 51.198214 ], [ 71.118729, 51.2072 ], [ 71.133034, 51.20694 ] ] ], [ [ [ 71.191106, 51.223854 ], [ 71.205415, 51.223585 ], [ 71.204986, 51.2146 ], [ 71.190679, 51.214868 ], [ 71.191106, 51.223854 ] ] ], [ [ [ 71.178069, 51.251078 ], [ 71.192387, 51.250811 ], [ 71.19196, 51.241825 ], [ 71.177644, 51.242092 ], [ 71.178069, 51.251078 ] ] ], [ [ [ 71.149851, 51.260593 ], [ 71.164173, 51.260329 ], [ 71.163751, 51.251344 ], [ 71.149432, 51.251608 ], [ 71.149851, 51.260593 ] ] ], [ [ [ 71.192815, 51.259796 ], [ 71.193243, 51.268782 ], [ 71.193671, 51.277767 ], [ 71.207997, 51.277498 ], [ 71.208428, 51.286483 ], [ 71.222757, 51.286212 ], [ 71.222323, 51.277227 ], [ 71.22189, 51.268241 ], [ 71.207566, 51.268512 ], [ 71.207136, 51.259527 ], [ 71.192815, 51.259796 ] ] ], [ [ [ 71.178919, 51.269049 ], [ 71.178494, 51.260064 ], [ 71.164173, 51.260329 ], [ 71.164595, 51.269315 ], [ 71.178919, 51.269049 ] ] ], [ [ [ 71.138869, 51.332742 ], [ 71.153213, 51.332479 ], [ 71.167557, 51.332214 ], [ 71.167133, 51.323229 ], [ 71.166709, 51.314243 ], [ 71.152371, 51.314508 ], [ 71.151951, 51.305522 ], [ 71.137615, 51.305785 ], [ 71.138033, 51.31477 ], [ 71.123694, 51.315031 ], [ 71.124109, 51.324017 ], [ 71.138451, 51.323756 ], [ 71.138869, 51.332742 ] ] ], [ [ [ 71.153634, 51.341465 ], [ 71.154056, 51.35045 ], [ 71.154477, 51.359436 ], [ 71.168829, 51.359171 ], [ 71.168405, 51.350185 ], [ 71.167981, 51.3412 ], [ 71.153634, 51.341465 ] ] ], [ [ [ 71.183609, 51.36789 ], [ 71.183181, 51.358904 ], [ 71.168829, 51.359171 ], [ 71.169254, 51.368156 ], [ 71.183609, 51.36789 ] ] ], [ [ [ 71.171807, 51.422069 ], [ 71.186178, 51.421802 ], [ 71.185749, 51.412816 ], [ 71.171381, 51.413084 ], [ 71.171807, 51.422069 ] ] ], [ [ [ 71.143063, 51.422598 ], [ 71.157435, 51.422334 ], [ 71.157012, 51.413349 ], [ 71.142642, 51.413613 ], [ 71.143063, 51.422598 ] ] ], [ [ [ 71.203453, 50.881857 ], [ 71.203877, 50.890843 ], [ 71.218085, 50.890574 ], [ 71.218512, 50.89956 ], [ 71.232722, 50.899289 ], [ 71.233152, 50.908275 ], [ 71.233582, 50.917261 ], [ 71.247797, 50.916988 ], [ 71.262012, 50.916713 ], [ 71.261576, 50.907727 ], [ 71.247364, 50.908002 ], [ 71.246931, 50.899016 ], [ 71.246498, 50.890031 ], [ 71.260705, 50.889756 ], [ 71.274911, 50.88948 ], [ 71.289117, 50.889202 ], [ 71.288677, 50.880217 ], [ 71.274474, 50.880494 ], [ 71.274036, 50.871509 ], [ 71.259835, 50.871785 ], [ 71.245634, 50.872059 ], [ 71.231433, 50.872331 ], [ 71.231862, 50.881317 ], [ 71.217658, 50.881588 ], [ 71.217231, 50.872602 ], [ 71.203029, 50.872871 ], [ 71.203453, 50.881857 ] ] ], [ [ [ 71.275788, 50.907451 ], [ 71.275349, 50.898466 ], [ 71.26114, 50.898742 ], [ 71.261576, 50.907727 ], [ 71.275788, 50.907451 ] ] ], [ [ [ 71.204726, 50.908815 ], [ 71.218939, 50.908546 ], [ 71.218512, 50.89956 ], [ 71.204302, 50.899829 ], [ 71.204726, 50.908815 ] ] ], [ [ [ 71.249097, 50.943945 ], [ 71.249531, 50.95293 ], [ 71.263757, 50.952655 ], [ 71.26332, 50.94367 ], [ 71.277543, 50.943393 ], [ 71.291765, 50.943115 ], [ 71.291323, 50.934129 ], [ 71.277104, 50.934408 ], [ 71.262884, 50.934684 ], [ 71.262447, 50.925699 ], [ 71.24823, 50.925973 ], [ 71.248663, 50.934959 ], [ 71.249097, 50.943945 ] ] ], [ [ [ 71.278862, 50.97035 ], [ 71.264631, 50.970626 ], [ 71.265068, 50.979612 ], [ 71.250834, 50.979887 ], [ 71.251269, 50.988873 ], [ 71.265505, 50.988597 ], [ 71.279742, 50.98832 ], [ 71.279302, 50.979335 ], [ 71.278862, 50.97035 ] ] ], [ [ [ 71.265943, 50.997583 ], [ 71.251704, 50.997858 ], [ 71.252139, 51.006844 ], [ 71.266381, 51.006568 ], [ 71.280623, 51.006291 ], [ 71.280182, 50.997306 ], [ 71.265943, 50.997583 ] ] ], [ [ [ 71.211978, 51.061575 ], [ 71.226237, 51.061304 ], [ 71.225806, 51.052318 ], [ 71.240062, 51.052046 ], [ 71.239629, 51.04306 ], [ 71.225375, 51.043332 ], [ 71.224944, 51.034347 ], [ 71.239195, 51.034074 ], [ 71.238762, 51.025089 ], [ 71.224514, 51.025361 ], [ 71.210266, 51.025632 ], [ 71.210693, 51.034617 ], [ 71.211121, 51.043603 ], [ 71.196867, 51.043872 ], [ 71.197293, 51.052858 ], [ 71.211549, 51.052589 ], [ 71.211978, 51.061575 ] ] ], [ [ [ 71.269014, 51.060481 ], [ 71.268574, 51.051495 ], [ 71.268135, 51.04251 ], [ 71.267696, 51.033525 ], [ 71.253446, 51.0338 ], [ 71.253882, 51.042786 ], [ 71.254318, 51.051771 ], [ 71.240062, 51.052046 ], [ 71.240496, 51.061031 ], [ 71.24093, 51.070017 ], [ 71.255192, 51.069742 ], [ 71.269453, 51.069466 ], [ 71.269014, 51.060481 ] ] ], [ [ [ 71.242234, 51.096973 ], [ 71.227963, 51.097246 ], [ 71.228396, 51.106232 ], [ 71.228828, 51.115217 ], [ 71.243104, 51.114944 ], [ 71.242668, 51.105959 ], [ 71.256941, 51.105684 ], [ 71.256503, 51.096698 ], [ 71.256066, 51.087713 ], [ 71.270333, 51.087437 ], [ 71.269893, 51.078451 ], [ 71.255629, 51.078728 ], [ 71.241364, 51.079002 ], [ 71.241799, 51.087988 ], [ 71.242234, 51.096973 ] ] ], [ [ [ 71.271654, 51.114393 ], [ 71.285929, 51.114114 ], [ 71.285486, 51.105129 ], [ 71.271214, 51.105407 ], [ 71.256941, 51.105684 ], [ 71.257379, 51.114669 ], [ 71.271654, 51.114393 ] ] ], [ [ [ 71.243539, 51.123929 ], [ 71.243975, 51.132915 ], [ 71.258256, 51.13264 ], [ 71.257817, 51.123654 ], [ 71.257379, 51.114669 ], [ 71.243104, 51.114944 ], [ 71.243539, 51.123929 ] ] ], [ [ [ 71.272978, 51.141348 ], [ 71.272536, 51.132363 ], [ 71.258256, 51.13264 ], [ 71.258694, 51.141625 ], [ 71.272978, 51.141348 ] ] ], [ [ [ 71.230126, 51.142174 ], [ 71.215842, 51.142445 ], [ 71.216273, 51.151431 ], [ 71.23056, 51.151159 ], [ 71.244846, 51.150886 ], [ 71.24441, 51.1419 ], [ 71.230126, 51.142174 ] ] ], [ [ [ 71.218429, 51.196358 ], [ 71.232729, 51.196086 ], [ 71.232295, 51.187101 ], [ 71.246593, 51.186827 ], [ 71.24703, 51.195812 ], [ 71.26133, 51.195537 ], [ 71.261771, 51.204522 ], [ 71.276074, 51.204244 ], [ 71.275631, 51.195259 ], [ 71.275188, 51.186274 ], [ 71.289485, 51.185995 ], [ 71.28904, 51.17701 ], [ 71.274745, 51.177289 ], [ 71.274303, 51.168304 ], [ 71.260011, 51.168581 ], [ 71.245719, 51.168856 ], [ 71.231427, 51.16913 ], [ 71.230993, 51.160144 ], [ 71.216703, 51.160416 ], [ 71.217134, 51.169402 ], [ 71.202842, 51.169672 ], [ 71.20327, 51.178657 ], [ 71.217566, 51.178387 ], [ 71.217997, 51.187373 ], [ 71.218429, 51.196358 ] ], [ [ 71.246156, 51.177842 ], [ 71.260451, 51.177566 ], [ 71.26089, 51.186551 ], [ 71.246593, 51.186827 ], [ 71.246156, 51.177842 ] ] ], [ [ [ 71.233164, 51.205071 ], [ 71.247467, 51.204797 ], [ 71.24703, 51.195812 ], [ 71.232729, 51.196086 ], [ 71.233164, 51.205071 ] ] ], [ [ [ 71.219293, 51.214329 ], [ 71.21886, 51.205344 ], [ 71.218429, 51.196358 ], [ 71.204128, 51.196629 ], [ 71.204557, 51.205614 ], [ 71.204986, 51.2146 ], [ 71.219293, 51.214329 ] ] ], [ [ [ 71.248343, 51.222768 ], [ 71.248781, 51.231753 ], [ 71.249219, 51.240738 ], [ 71.263534, 51.240462 ], [ 71.277848, 51.240184 ], [ 71.277404, 51.231199 ], [ 71.263092, 51.231477 ], [ 71.262652, 51.222492 ], [ 71.262211, 51.213507 ], [ 71.261771, 51.204522 ], [ 71.247467, 51.204797 ], [ 71.247905, 51.213783 ], [ 71.233599, 51.214057 ], [ 71.234034, 51.223042 ], [ 71.248343, 51.222768 ] ] ], [ [ [ 71.206275, 51.241556 ], [ 71.22059, 51.241285 ], [ 71.220157, 51.2323 ], [ 71.219725, 51.223314 ], [ 71.205415, 51.223585 ], [ 71.205845, 51.232571 ], [ 71.206275, 51.241556 ] ] ], [ [ [ 71.2653, 51.276403 ], [ 71.265742, 51.285388 ], [ 71.266185, 51.294373 ], [ 71.280516, 51.294094 ], [ 71.28007, 51.285109 ], [ 71.294398, 51.284829 ], [ 71.29395, 51.275844 ], [ 71.308275, 51.275563 ], [ 71.307825, 51.266578 ], [ 71.293503, 51.26686 ], [ 71.293055, 51.257875 ], [ 71.292608, 51.24889 ], [ 71.278292, 51.249169 ], [ 71.278736, 51.258154 ], [ 71.264416, 51.258432 ], [ 71.250097, 51.258709 ], [ 71.249658, 51.249724 ], [ 71.249219, 51.240738 ], [ 71.234905, 51.241013 ], [ 71.235341, 51.249998 ], [ 71.221023, 51.250271 ], [ 71.221456, 51.259256 ], [ 71.235776, 51.258983 ], [ 71.236213, 51.267968 ], [ 71.250536, 51.267694 ], [ 71.264858, 51.267417 ], [ 71.2653, 51.276403 ] ] ], [ [ [ 71.223625, 51.304182 ], [ 71.23796, 51.303909 ], [ 71.237523, 51.294924 ], [ 71.237086, 51.285939 ], [ 71.222757, 51.286212 ], [ 71.223191, 51.295197 ], [ 71.223625, 51.304182 ] ] ], [ [ [ 71.2258, 51.349108 ], [ 71.240148, 51.348835 ], [ 71.23971, 51.33985 ], [ 71.225365, 51.340123 ], [ 71.2258, 51.349108 ] ] ], [ [ [ 71.255821, 51.375514 ], [ 71.241464, 51.37579 ], [ 71.227108, 51.376064 ], [ 71.227544, 51.385049 ], [ 71.241904, 51.384775 ], [ 71.242343, 51.39376 ], [ 71.256705, 51.393484 ], [ 71.256263, 51.384499 ], [ 71.255821, 51.375514 ] ] ], [ [ [ 71.242783, 51.402745 ], [ 71.242343, 51.39376 ], [ 71.227981, 51.394034 ], [ 71.228417, 51.403019 ], [ 71.242783, 51.402745 ] ] ], [ [ [ 71.30288, 50.879937 ], [ 71.317083, 50.879656 ], [ 71.316637, 50.870671 ], [ 71.302437, 50.870952 ], [ 71.30288, 50.879937 ] ] ], [ [ [ 71.30421, 50.906893 ], [ 71.318422, 50.906612 ], [ 71.332632, 50.906329 ], [ 71.332183, 50.897344 ], [ 71.346391, 50.897059 ], [ 71.34594, 50.888074 ], [ 71.360145, 50.887787 ], [ 71.374349, 50.887499 ], [ 71.374806, 50.896484 ], [ 71.375264, 50.905469 ], [ 71.389474, 50.905179 ], [ 71.389014, 50.896194 ], [ 71.403221, 50.895902 ], [ 71.417427, 50.895609 ], [ 71.431634, 50.895313 ], [ 71.431166, 50.886329 ], [ 71.430698, 50.877344 ], [ 71.416497, 50.877639 ], [ 71.402296, 50.877933 ], [ 71.388094, 50.878224 ], [ 71.373892, 50.878514 ], [ 71.35969, 50.878802 ], [ 71.345488, 50.879088 ], [ 71.331286, 50.879373 ], [ 71.317083, 50.879656 ], [ 71.317529, 50.888641 ], [ 71.303323, 50.888923 ], [ 71.289117, 50.889202 ], [ 71.289558, 50.898188 ], [ 71.303767, 50.897908 ], [ 71.30421, 50.906893 ] ] ], [ [ [ 71.347748, 50.924014 ], [ 71.3482, 50.932999 ], [ 71.348653, 50.941984 ], [ 71.362874, 50.941697 ], [ 71.377095, 50.941408 ], [ 71.377554, 50.950393 ], [ 71.391778, 50.950103 ], [ 71.406001, 50.94981 ], [ 71.405537, 50.940826 ], [ 71.391316, 50.941118 ], [ 71.390855, 50.932133 ], [ 71.376637, 50.932423 ], [ 71.362419, 50.932712 ], [ 71.361964, 50.923727 ], [ 71.376179, 50.923439 ], [ 71.390395, 50.923148 ], [ 71.389934, 50.914163 ], [ 71.375721, 50.914454 ], [ 71.361508, 50.914742 ], [ 71.361054, 50.905757 ], [ 71.360599, 50.896772 ], [ 71.346391, 50.897059 ], [ 71.346843, 50.906044 ], [ 71.347295, 50.915029 ], [ 71.333082, 50.915314 ], [ 71.333532, 50.924299 ], [ 71.347748, 50.924014 ] ] ], [ [ [ 71.305099, 50.924864 ], [ 71.304654, 50.915879 ], [ 71.29044, 50.916159 ], [ 71.276226, 50.916437 ], [ 71.262012, 50.916713 ], [ 71.262447, 50.925699 ], [ 71.276665, 50.925422 ], [ 71.290882, 50.925144 ], [ 71.305099, 50.924864 ] ] ], [ [ [ 71.306432, 50.95182 ], [ 71.320657, 50.951538 ], [ 71.32021, 50.942553 ], [ 71.305988, 50.942835 ], [ 71.306432, 50.95182 ] ] ], [ [ [ 71.321553, 50.969508 ], [ 71.321105, 50.960523 ], [ 71.306877, 50.960805 ], [ 71.307323, 50.969791 ], [ 71.321553, 50.969508 ] ] ], [ [ [ 71.308214, 50.987761 ], [ 71.32245, 50.987479 ], [ 71.322001, 50.978494 ], [ 71.307768, 50.978776 ], [ 71.308214, 50.987761 ] ] ], [ [ [ 71.350921, 50.986909 ], [ 71.336685, 50.987195 ], [ 71.337137, 50.99618 ], [ 71.351375, 50.995894 ], [ 71.350921, 50.986909 ] ] ], [ [ [ 71.30866, 50.996746 ], [ 71.308214, 50.987761 ], [ 71.293978, 50.988042 ], [ 71.294421, 50.997027 ], [ 71.30866, 50.996746 ] ] ], [ [ [ 71.323797, 51.014434 ], [ 71.324246, 51.023419 ], [ 71.309999, 51.023702 ], [ 71.295752, 51.023983 ], [ 71.296196, 51.032968 ], [ 71.310446, 51.032687 ], [ 71.324696, 51.032404 ], [ 71.325146, 51.041389 ], [ 71.325596, 51.050374 ], [ 71.33985, 51.05009 ], [ 71.340304, 51.059074 ], [ 71.354561, 51.058788 ], [ 71.354105, 51.049803 ], [ 71.353649, 51.040818 ], [ 71.353194, 51.031833 ], [ 71.367443, 51.031546 ], [ 71.367901, 51.04053 ], [ 71.382152, 51.040241 ], [ 71.381691, 51.031256 ], [ 71.381231, 51.022271 ], [ 71.366985, 51.022561 ], [ 71.366527, 51.013576 ], [ 71.36607, 51.004591 ], [ 71.351829, 51.004879 ], [ 71.352284, 51.013864 ], [ 71.33804, 51.01415 ], [ 71.337588, 51.005165 ], [ 71.337137, 50.99618 ], [ 71.322898, 50.996464 ], [ 71.323347, 51.005449 ], [ 71.309106, 51.005731 ], [ 71.294865, 51.006012 ], [ 71.295308, 51.014997 ], [ 71.309553, 51.014717 ], [ 71.323797, 51.014434 ] ], [ [ 71.338945, 51.03212 ], [ 71.338493, 51.023135 ], [ 71.352739, 51.022849 ], [ 71.353194, 51.031833 ], [ 71.338945, 51.03212 ] ] ], [ [ [ 71.267696, 51.033525 ], [ 71.281947, 51.033247 ], [ 71.281505, 51.024262 ], [ 71.267258, 51.024539 ], [ 71.267696, 51.033525 ] ] ], [ [ [ 71.282388, 51.042232 ], [ 71.28283, 51.051218 ], [ 71.297085, 51.050938 ], [ 71.311341, 51.050657 ], [ 71.310893, 51.041672 ], [ 71.296641, 51.041953 ], [ 71.282388, 51.042232 ] ] ], [ [ [ 71.297975, 51.068909 ], [ 71.29753, 51.059923 ], [ 71.283272, 51.060203 ], [ 71.283714, 51.069188 ], [ 71.297975, 51.068909 ] ] ], [ [ [ 71.35593, 51.085742 ], [ 71.370195, 51.085454 ], [ 71.369736, 51.076469 ], [ 71.355473, 51.076758 ], [ 71.34121, 51.077044 ], [ 71.341664, 51.086029 ], [ 71.35593, 51.085742 ] ] ], [ [ [ 71.31403, 51.104567 ], [ 71.314479, 51.113552 ], [ 71.300204, 51.113834 ], [ 71.285929, 51.114114 ], [ 71.286373, 51.123099 ], [ 71.30065, 51.122819 ], [ 71.314928, 51.122537 ], [ 71.315377, 51.131522 ], [ 71.329657, 51.131239 ], [ 71.330109, 51.140223 ], [ 71.344392, 51.139938 ], [ 71.343937, 51.130953 ], [ 71.358216, 51.130666 ], [ 71.357758, 51.121681 ], [ 71.343482, 51.121968 ], [ 71.343027, 51.112984 ], [ 71.342572, 51.103999 ], [ 71.342118, 51.095014 ], [ 71.341664, 51.086029 ], [ 71.327398, 51.086314 ], [ 71.313132, 51.086597 ], [ 71.298866, 51.086879 ], [ 71.299312, 51.095864 ], [ 71.313581, 51.095582 ], [ 71.32785, 51.095299 ], [ 71.328301, 51.104284 ], [ 71.31403, 51.104567 ] ] ], [ [ [ 71.299758, 51.104849 ], [ 71.299312, 51.095864 ], [ 71.285043, 51.096144 ], [ 71.285486, 51.105129 ], [ 71.299758, 51.104849 ] ] ], [ [ [ 71.331015, 51.158193 ], [ 71.331468, 51.167178 ], [ 71.345759, 51.166892 ], [ 71.345303, 51.157907 ], [ 71.359591, 51.15762 ], [ 71.373878, 51.157331 ], [ 71.373417, 51.148346 ], [ 71.359132, 51.148635 ], [ 71.358674, 51.139651 ], [ 71.344392, 51.139938 ], [ 71.344847, 51.148923 ], [ 71.330562, 51.149208 ], [ 71.331015, 51.158193 ] ] ], [ [ [ 71.316277, 51.149492 ], [ 71.330562, 51.149208 ], [ 71.330109, 51.140223 ], [ 71.315827, 51.140507 ], [ 71.316277, 51.149492 ] ] ], [ [ [ 71.316277, 51.149492 ], [ 71.301991, 51.149774 ], [ 71.287705, 51.150055 ], [ 71.28815, 51.15904 ], [ 71.288595, 51.168025 ], [ 71.302886, 51.167744 ], [ 71.302438, 51.158759 ], [ 71.316727, 51.158477 ], [ 71.316277, 51.149492 ] ] ], [ [ [ 71.317177, 51.167462 ], [ 71.302886, 51.167744 ], [ 71.303334, 51.176729 ], [ 71.317628, 51.176447 ], [ 71.317177, 51.167462 ] ] ], [ [ [ 71.304679, 51.203684 ], [ 71.30423, 51.194699 ], [ 71.289931, 51.19498 ], [ 71.290376, 51.203965 ], [ 71.290822, 51.21295 ], [ 71.305127, 51.212669 ], [ 71.319432, 51.212386 ], [ 71.318981, 51.203401 ], [ 71.304679, 51.203684 ] ] ], [ [ [ 71.321694, 51.25731 ], [ 71.336012, 51.257025 ], [ 71.336468, 51.26601 ], [ 71.336924, 51.274994 ], [ 71.351248, 51.274707 ], [ 71.365572, 51.274419 ], [ 71.379895, 51.274128 ], [ 71.394219, 51.273836 ], [ 71.393752, 51.264852 ], [ 71.379431, 51.265144 ], [ 71.378967, 51.256159 ], [ 71.364649, 51.25645 ], [ 71.364188, 51.247465 ], [ 71.363727, 51.238481 ], [ 71.363267, 51.229496 ], [ 71.362806, 51.220512 ], [ 71.348499, 51.2208 ], [ 71.334192, 51.221086 ], [ 71.333737, 51.212102 ], [ 71.319432, 51.212386 ], [ 71.319884, 51.221371 ], [ 71.320336, 51.230356 ], [ 71.306026, 51.230639 ], [ 71.291715, 51.23092 ], [ 71.292161, 51.239905 ], [ 71.306475, 51.239624 ], [ 71.306925, 51.248608 ], [ 71.307375, 51.257593 ], [ 71.321694, 51.25731 ] ], [ [ 71.335557, 51.24804 ], [ 71.349872, 51.247754 ], [ 71.350331, 51.256738 ], [ 71.336012, 51.257025 ], [ 71.335557, 51.24804 ] ], [ [ 71.334647, 51.230071 ], [ 71.335102, 51.239056 ], [ 71.320788, 51.23934 ], [ 71.320336, 51.230356 ], [ 71.334647, 51.230071 ] ] ], [ [ [ 71.291715, 51.23092 ], [ 71.291268, 51.221935 ], [ 71.27696, 51.222214 ], [ 71.277404, 51.231199 ], [ 71.291715, 51.23092 ] ] ], [ [ [ 71.309176, 51.293532 ], [ 71.323507, 51.293249 ], [ 71.323053, 51.284264 ], [ 71.308726, 51.284548 ], [ 71.309176, 51.293532 ] ] ], [ [ [ 71.296641, 51.329753 ], [ 71.282299, 51.330034 ], [ 71.282745, 51.339019 ], [ 71.29709, 51.338738 ], [ 71.296641, 51.329753 ] ] ], [ [ [ 71.283192, 51.348003 ], [ 71.282745, 51.339019 ], [ 71.2684, 51.339297 ], [ 71.268844, 51.348282 ], [ 71.283192, 51.348003 ] ] ], [ [ [ 71.284086, 51.365973 ], [ 71.283639, 51.356988 ], [ 71.269288, 51.357267 ], [ 71.269733, 51.366252 ], [ 71.284086, 51.365973 ] ] ], [ [ [ 71.314151, 51.392363 ], [ 71.328512, 51.392079 ], [ 71.328056, 51.383094 ], [ 71.313698, 51.383379 ], [ 71.314151, 51.392363 ] ] ], [ [ [ 71.285876, 51.401912 ], [ 71.300241, 51.401631 ], [ 71.29979, 51.392646 ], [ 71.285428, 51.392927 ], [ 71.285876, 51.401912 ] ] ], [ [ [ 71.405537, 50.940826 ], [ 71.419757, 50.940532 ], [ 71.419291, 50.931547 ], [ 71.418825, 50.922562 ], [ 71.433039, 50.922267 ], [ 71.432571, 50.913282 ], [ 71.418359, 50.913578 ], [ 71.404146, 50.913872 ], [ 71.40461, 50.922856 ], [ 71.390395, 50.923148 ], [ 71.390855, 50.932133 ], [ 71.405073, 50.931841 ], [ 71.405537, 50.940826 ] ] ], [ [ [ 71.419757, 50.940532 ], [ 71.420224, 50.949516 ], [ 71.420691, 50.958501 ], [ 71.434917, 50.958205 ], [ 71.434447, 50.94922 ], [ 71.44867, 50.948923 ], [ 71.448198, 50.939939 ], [ 71.447726, 50.930954 ], [ 71.433508, 50.931251 ], [ 71.433978, 50.940236 ], [ 71.419757, 50.940532 ] ] ], [ [ [ 71.477114, 50.948323 ], [ 71.491336, 50.94802 ], [ 71.505558, 50.947716 ], [ 71.505075, 50.938732 ], [ 71.490856, 50.939036 ], [ 71.476637, 50.939339 ], [ 71.477114, 50.948323 ] ] ], [ [ [ 71.40693, 50.967779 ], [ 71.421158, 50.967485 ], [ 71.420691, 50.958501 ], [ 71.406465, 50.958795 ], [ 71.40693, 50.967779 ] ] ], [ [ [ 71.393625, 50.986041 ], [ 71.407859, 50.985749 ], [ 71.407394, 50.976764 ], [ 71.40693, 50.967779 ], [ 71.392701, 50.968072 ], [ 71.393163, 50.977057 ], [ 71.393625, 50.986041 ] ] ], [ [ [ 71.451034, 50.993845 ], [ 71.450561, 50.98486 ], [ 71.436327, 50.985158 ], [ 71.436798, 50.994142 ], [ 71.451034, 50.993845 ] ] ], [ [ [ 71.409722, 51.021687 ], [ 71.423967, 51.021392 ], [ 71.423498, 51.012408 ], [ 71.42303, 51.003423 ], [ 71.422561, 50.994439 ], [ 71.408325, 50.994733 ], [ 71.394087, 50.995026 ], [ 71.37985, 50.995317 ], [ 71.38031, 51.004302 ], [ 71.38077, 51.013286 ], [ 71.381231, 51.022271 ], [ 71.395476, 51.02198 ], [ 71.409722, 51.021687 ] ], [ [ 71.409256, 51.012702 ], [ 71.395013, 51.012995 ], [ 71.39455, 51.004011 ], [ 71.40879, 51.003718 ], [ 71.409256, 51.012702 ] ] ], [ [ [ 71.466224, 51.011513 ], [ 71.465747, 51.002529 ], [ 71.451508, 51.002829 ], [ 71.437269, 51.003127 ], [ 71.43774, 51.012111 ], [ 71.451982, 51.011813 ], [ 71.452456, 51.020797 ], [ 71.4667, 51.020497 ], [ 71.480945, 51.020196 ], [ 71.481424, 51.02918 ], [ 71.495671, 51.028876 ], [ 71.495188, 51.019892 ], [ 71.494706, 51.010908 ], [ 71.480465, 51.011211 ], [ 71.466224, 51.011513 ] ] ], [ [ [ 71.467655, 51.038465 ], [ 71.467178, 51.029481 ], [ 71.452931, 51.029781 ], [ 71.453405, 51.038766 ], [ 71.45388, 51.04775 ], [ 71.439627, 51.048048 ], [ 71.4401, 51.057033 ], [ 71.454355, 51.056734 ], [ 71.46861, 51.056434 ], [ 71.468133, 51.04745 ], [ 71.467655, 51.038465 ] ] ], [ [ [ 71.397796, 51.066903 ], [ 71.39826, 51.075887 ], [ 71.412522, 51.075594 ], [ 71.412055, 51.066609 ], [ 71.411588, 51.057625 ], [ 71.411121, 51.04864 ], [ 71.396867, 51.048934 ], [ 71.397331, 51.057918 ], [ 71.397796, 51.066903 ] ] ], [ [ [ 71.455306, 51.074702 ], [ 71.455782, 51.083686 ], [ 71.470046, 51.083386 ], [ 71.469567, 51.074402 ], [ 71.483828, 51.074099 ], [ 71.498088, 51.073795 ], [ 71.512348, 51.07349 ], [ 71.511862, 51.064506 ], [ 71.511375, 51.055522 ], [ 71.49712, 51.055828 ], [ 71.496637, 51.046844 ], [ 71.510889, 51.046538 ], [ 71.510403, 51.037554 ], [ 71.524652, 51.037247 ], [ 71.525141, 51.046231 ], [ 71.539392, 51.045922 ], [ 71.538901, 51.036939 ], [ 71.553149, 51.036628 ], [ 71.552655, 51.027644 ], [ 71.538409, 51.027955 ], [ 71.524164, 51.028264 ], [ 71.509917, 51.028571 ], [ 71.495671, 51.028876 ], [ 71.496154, 51.03786 ], [ 71.481905, 51.038164 ], [ 71.482385, 51.047148 ], [ 71.482866, 51.056132 ], [ 71.46861, 51.056434 ], [ 71.469089, 51.065418 ], [ 71.45483, 51.065718 ], [ 71.455306, 51.074702 ] ] ], [ [ [ 71.355017, 51.067773 ], [ 71.369277, 51.067484 ], [ 71.368818, 51.0585 ], [ 71.354561, 51.058788 ], [ 71.355017, 51.067773 ] ] ], [ [ [ 71.369736, 51.076469 ], [ 71.383998, 51.076179 ], [ 71.383536, 51.067194 ], [ 71.369277, 51.067484 ], [ 71.369736, 51.076469 ] ] ], [ [ [ 71.357301, 51.112697 ], [ 71.371574, 51.112408 ], [ 71.385848, 51.112117 ], [ 71.385385, 51.103133 ], [ 71.384922, 51.094148 ], [ 71.38446, 51.085164 ], [ 71.370195, 51.085454 ], [ 71.370655, 51.094439 ], [ 71.371114, 51.103423 ], [ 71.356844, 51.103712 ], [ 71.357301, 51.112697 ] ] ], [ [ [ 71.471483, 51.110338 ], [ 71.457211, 51.110639 ], [ 71.457688, 51.119623 ], [ 71.471962, 51.119322 ], [ 71.471483, 51.110338 ] ] ], [ [ [ 71.458165, 51.128607 ], [ 71.457688, 51.119623 ], [ 71.443413, 51.119922 ], [ 71.443887, 51.128906 ], [ 71.458165, 51.128607 ] ] ], [ [ [ 71.388629, 51.166024 ], [ 71.402919, 51.165731 ], [ 71.402452, 51.156747 ], [ 71.388165, 51.15704 ], [ 71.388629, 51.166024 ] ] ], [ [ [ 71.460554, 51.173527 ], [ 71.474845, 51.173225 ], [ 71.474364, 51.164241 ], [ 71.460076, 51.164543 ], [ 71.460554, 51.173527 ] ] ], [ [ [ 71.475808, 51.191193 ], [ 71.475327, 51.182209 ], [ 71.461033, 51.18251 ], [ 71.461511, 51.191494 ], [ 71.475808, 51.191193 ] ] ], [ [ [ 71.447214, 51.191794 ], [ 71.446738, 51.18281 ], [ 71.432444, 51.183109 ], [ 71.432917, 51.192093 ], [ 71.447214, 51.191794 ] ] ], [ [ [ 71.361427, 51.193558 ], [ 71.375725, 51.193269 ], [ 71.375263, 51.184284 ], [ 71.360967, 51.184574 ], [ 71.361427, 51.193558 ] ] ], [ [ [ 71.362346, 51.211527 ], [ 71.37665, 51.211238 ], [ 71.376188, 51.202253 ], [ 71.361886, 51.202543 ], [ 71.362346, 51.211527 ] ] ], [ [ [ 71.419561, 51.210358 ], [ 71.405258, 51.210653 ], [ 71.405726, 51.219637 ], [ 71.420032, 51.219342 ], [ 71.419561, 51.210358 ] ] ], [ [ [ 71.39142, 51.21993 ], [ 71.391886, 51.228915 ], [ 71.392352, 51.237899 ], [ 71.406664, 51.237605 ], [ 71.406195, 51.228621 ], [ 71.405726, 51.219637 ], [ 71.39142, 51.21993 ] ] ], [ [ [ 71.463909, 51.236414 ], [ 71.47822, 51.236111 ], [ 71.477737, 51.227128 ], [ 71.463429, 51.22743 ], [ 71.463909, 51.236414 ] ] ], [ [ [ 71.493016, 51.244791 ], [ 71.507329, 51.244485 ], [ 71.521642, 51.244177 ], [ 71.52115, 51.235194 ], [ 71.50684, 51.235502 ], [ 71.506352, 51.226518 ], [ 71.492045, 51.226824 ], [ 71.49253, 51.235807 ], [ 71.47822, 51.236111 ], [ 71.478703, 51.245095 ], [ 71.493016, 51.244791 ] ] ], [ [ [ 71.450076, 51.245698 ], [ 71.464389, 51.245397 ], [ 71.463909, 51.236414 ], [ 71.449598, 51.236714 ], [ 71.450076, 51.245698 ] ] ], [ [ [ 71.421447, 51.246294 ], [ 71.407133, 51.24659 ], [ 71.392818, 51.246883 ], [ 71.393285, 51.255867 ], [ 71.393752, 51.264852 ], [ 71.408072, 51.264558 ], [ 71.407602, 51.255574 ], [ 71.421919, 51.255278 ], [ 71.421447, 51.246294 ] ] ], [ [ [ 71.436712, 51.263965 ], [ 71.451031, 51.263666 ], [ 71.450553, 51.254682 ], [ 71.436236, 51.254981 ], [ 71.436712, 51.263965 ] ] ], [ [ [ 71.437187, 51.272949 ], [ 71.436712, 51.263965 ], [ 71.422392, 51.264262 ], [ 71.422865, 51.273246 ], [ 71.437187, 51.272949 ] ] ], [ [ [ 71.394686, 51.28282 ], [ 71.409012, 51.282526 ], [ 71.408542, 51.273542 ], [ 71.394219, 51.273836 ], [ 71.394686, 51.28282 ] ] ], [ [ [ 71.594387, 51.008736 ], [ 71.593886, 50.999753 ], [ 71.593385, 50.990769 ], [ 71.579151, 50.991085 ], [ 71.579649, 51.000068 ], [ 71.580148, 51.009051 ], [ 71.594387, 51.008736 ] ] ], [ [ [ 71.552161, 51.018661 ], [ 71.566404, 51.018349 ], [ 71.580646, 51.018035 ], [ 71.580148, 51.009051 ], [ 71.565908, 51.009365 ], [ 71.551668, 51.009677 ], [ 71.552161, 51.018661 ] ] ], [ [ [ 71.509432, 51.019587 ], [ 71.523675, 51.01928 ], [ 71.523188, 51.010296 ], [ 71.508947, 51.010603 ], [ 71.509432, 51.019587 ] ] ], [ [ [ 71.625403, 51.053015 ], [ 71.625911, 51.061998 ], [ 71.62642, 51.070981 ], [ 71.626929, 51.079964 ], [ 71.64119, 51.079642 ], [ 71.640678, 51.070659 ], [ 71.654936, 51.070336 ], [ 71.669193, 51.070011 ], [ 71.66971, 51.078994 ], [ 71.670227, 51.087976 ], [ 71.670745, 51.096959 ], [ 71.68501, 51.096632 ], [ 71.68449, 51.08765 ], [ 71.698752, 51.087321 ], [ 71.698229, 51.078339 ], [ 71.697707, 51.069356 ], [ 71.711963, 51.069026 ], [ 71.712489, 51.078008 ], [ 71.726748, 51.077676 ], [ 71.726219, 51.068694 ], [ 71.740475, 51.068361 ], [ 71.739945, 51.059379 ], [ 71.725691, 51.059712 ], [ 71.725164, 51.05073 ], [ 71.710913, 51.051061 ], [ 71.710388, 51.042079 ], [ 71.69614, 51.042409 ], [ 71.681892, 51.042737 ], [ 71.682411, 51.05172 ], [ 71.668159, 51.052046 ], [ 71.668676, 51.061029 ], [ 71.654421, 51.061353 ], [ 71.640167, 51.061676 ], [ 71.639655, 51.052694 ], [ 71.639144, 51.043711 ], [ 71.638634, 51.034728 ], [ 71.638123, 51.025745 ], [ 71.637613, 51.016762 ], [ 71.623372, 51.017083 ], [ 71.60913, 51.017402 ], [ 71.609635, 51.026385 ], [ 71.623879, 51.026066 ], [ 71.624387, 51.035049 ], [ 71.624895, 51.044032 ], [ 71.625403, 51.053015 ] ], [ [ 71.711438, 51.060044 ], [ 71.697184, 51.060374 ], [ 71.696662, 51.051391 ], [ 71.710913, 51.051061 ], [ 71.711438, 51.060044 ] ] ], [ [ [ 71.581645, 51.036001 ], [ 71.581146, 51.027018 ], [ 71.5669, 51.027332 ], [ 71.567397, 51.036316 ], [ 71.581645, 51.036001 ] ] ], [ [ [ 71.596395, 51.044669 ], [ 71.595893, 51.035686 ], [ 71.581645, 51.036001 ], [ 71.582145, 51.044985 ], [ 71.582644, 51.053968 ], [ 71.583145, 51.062951 ], [ 71.5974, 51.062635 ], [ 71.596898, 51.053652 ], [ 71.596395, 51.044669 ] ] ], [ [ [ 71.539884, 51.054906 ], [ 71.554138, 51.054595 ], [ 71.553643, 51.045611 ], [ 71.539392, 51.045922 ], [ 71.539884, 51.054906 ] ] ], [ [ [ 71.584146, 51.080918 ], [ 71.584647, 51.089901 ], [ 71.585148, 51.098884 ], [ 71.599415, 51.098568 ], [ 71.599919, 51.107551 ], [ 71.614188, 51.107232 ], [ 71.614695, 51.116215 ], [ 71.615203, 51.125198 ], [ 71.615711, 51.134181 ], [ 71.601433, 51.1345 ], [ 71.601938, 51.143483 ], [ 71.616219, 51.143164 ], [ 71.630499, 51.142844 ], [ 71.629988, 51.133861 ], [ 71.644265, 51.133539 ], [ 71.658542, 51.133215 ], [ 71.659058, 51.142197 ], [ 71.673338, 51.141872 ], [ 71.673857, 51.150854 ], [ 71.688139, 51.150527 ], [ 71.688661, 51.159509 ], [ 71.689184, 51.168491 ], [ 71.689707, 51.177474 ], [ 71.69023, 51.186456 ], [ 71.704523, 51.186126 ], [ 71.703997, 51.177144 ], [ 71.703471, 51.168162 ], [ 71.717758, 51.16783 ], [ 71.732045, 51.167497 ], [ 71.731514, 51.158515 ], [ 71.730983, 51.149533 ], [ 71.716702, 51.149866 ], [ 71.71723, 51.158848 ], [ 71.702946, 51.15918 ], [ 71.702421, 51.150197 ], [ 71.701896, 51.141215 ], [ 71.701371, 51.132233 ], [ 71.715647, 51.131902 ], [ 71.71512, 51.12292 ], [ 71.700847, 51.12325 ], [ 71.686574, 51.123579 ], [ 71.6723, 51.123907 ], [ 71.671781, 51.114924 ], [ 71.65751, 51.11525 ], [ 71.658026, 51.124232 ], [ 71.643752, 51.124556 ], [ 71.629478, 51.124878 ], [ 71.628967, 51.115895 ], [ 71.628457, 51.106912 ], [ 71.642726, 51.106591 ], [ 71.642214, 51.097608 ], [ 71.627948, 51.097929 ], [ 71.627438, 51.088947 ], [ 71.626929, 51.079964 ], [ 71.612668, 51.080283 ], [ 71.613175, 51.089266 ], [ 71.598911, 51.089585 ], [ 71.598407, 51.080602 ], [ 71.597904, 51.071618 ], [ 71.583645, 51.071935 ], [ 71.569386, 51.072249 ], [ 71.568889, 51.063266 ], [ 71.554632, 51.063578 ], [ 71.555127, 51.072562 ], [ 71.555622, 51.081545 ], [ 71.556118, 51.090529 ], [ 71.570382, 51.090216 ], [ 71.569884, 51.081232 ], [ 71.584146, 51.080918 ] ], [ [ 71.672819, 51.132889 ], [ 71.687095, 51.132562 ], [ 71.687617, 51.141544 ], [ 71.673338, 51.141872 ], [ 71.672819, 51.132889 ] ] ], [ [ [ 71.512835, 51.082473 ], [ 71.527098, 51.082166 ], [ 71.526608, 51.073182 ], [ 71.512348, 51.07349 ], [ 71.512835, 51.082473 ] ] ], [ [ [ 71.527588, 51.091149 ], [ 71.541853, 51.09084 ], [ 71.54136, 51.081856 ], [ 71.527098, 51.082166 ], [ 71.527588, 51.091149 ] ] ], [ [ [ 71.484791, 51.092067 ], [ 71.499056, 51.091763 ], [ 71.498572, 51.082779 ], [ 71.484309, 51.083083 ], [ 71.484791, 51.092067 ] ] ], [ [ [ 71.499056, 51.091763 ], [ 71.499541, 51.100747 ], [ 71.51381, 51.100441 ], [ 71.528078, 51.100133 ], [ 71.527588, 51.091149 ], [ 71.513322, 51.091457 ], [ 71.499056, 51.091763 ] ] ], [ [ [ 71.600423, 51.116534 ], [ 71.599919, 51.107551 ], [ 71.585649, 51.107867 ], [ 71.586151, 51.116851 ], [ 71.600423, 51.116534 ] ] ], [ [ [ 71.543332, 51.11779 ], [ 71.542839, 51.108807 ], [ 71.528568, 51.109116 ], [ 71.529059, 51.1181 ], [ 71.543332, 51.11779 ] ] ], [ [ [ 71.571878, 51.117166 ], [ 71.572377, 51.126149 ], [ 71.572877, 51.135132 ], [ 71.587155, 51.134817 ], [ 71.601433, 51.1345 ], [ 71.600928, 51.125517 ], [ 71.586653, 51.125834 ], [ 71.586151, 51.116851 ], [ 71.571878, 51.117166 ] ] ], [ [ [ 71.573377, 51.144115 ], [ 71.572877, 51.135132 ], [ 71.558598, 51.135445 ], [ 71.559095, 51.144429 ], [ 71.559593, 51.153412 ], [ 71.573877, 51.153098 ], [ 71.58816, 51.152783 ], [ 71.587658, 51.1438 ], [ 71.573377, 51.144115 ] ] ], [ [ [ 71.546298, 51.171691 ], [ 71.546793, 51.180674 ], [ 71.547289, 51.189657 ], [ 71.561584, 51.189345 ], [ 71.575879, 51.189031 ], [ 71.575378, 51.180048 ], [ 71.561086, 51.180362 ], [ 71.560588, 51.171379 ], [ 71.546298, 51.171691 ] ] ], [ [ [ 71.57638, 51.198014 ], [ 71.590678, 51.197698 ], [ 71.590174, 51.188715 ], [ 71.575879, 51.189031 ], [ 71.57638, 51.198014 ] ] ], [ [ [ 71.620802, 51.22401 ], [ 71.621313, 51.232992 ], [ 71.635621, 51.232671 ], [ 71.635108, 51.223688 ], [ 71.649412, 51.223365 ], [ 71.648896, 51.214382 ], [ 71.634594, 51.214705 ], [ 71.620292, 51.215027 ], [ 71.619782, 51.206044 ], [ 71.605482, 51.206363 ], [ 71.605989, 51.215346 ], [ 71.606497, 51.224329 ], [ 71.620802, 51.22401 ] ] ], [ [ [ 71.534966, 51.225901 ], [ 71.549273, 51.22559 ], [ 71.548776, 51.216607 ], [ 71.534472, 51.216918 ], [ 71.534966, 51.225901 ] ] ], [ [ [ 71.52115, 51.235194 ], [ 71.53546, 51.234885 ], [ 71.534966, 51.225901 ], [ 71.520659, 51.226211 ], [ 71.52115, 51.235194 ] ] ], [ [ [ 71.580399, 51.269878 ], [ 71.580903, 51.278861 ], [ 71.56658, 51.279176 ], [ 71.552257, 51.27949 ], [ 71.537934, 51.279801 ], [ 71.538429, 51.288784 ], [ 71.552755, 51.288473 ], [ 71.567081, 51.288159 ], [ 71.581407, 51.287844 ], [ 71.595732, 51.287527 ], [ 71.610057, 51.287209 ], [ 71.609548, 51.278226 ], [ 71.595226, 51.278544 ], [ 71.594719, 51.269562 ], [ 71.594213, 51.260579 ], [ 71.60853, 51.26026 ], [ 71.608021, 51.251278 ], [ 71.593707, 51.251596 ], [ 71.579393, 51.251912 ], [ 71.57889, 51.242929 ], [ 71.578388, 51.233946 ], [ 71.564079, 51.234261 ], [ 71.564579, 51.243244 ], [ 71.565079, 51.252227 ], [ 71.565579, 51.26121 ], [ 71.579896, 51.260895 ], [ 71.580399, 51.269878 ] ] ], [ [ [ 71.522133, 51.253161 ], [ 71.536449, 51.252851 ], [ 71.535954, 51.243868 ], [ 71.521642, 51.244177 ], [ 71.522133, 51.253161 ] ] ], [ [ [ 71.613119, 51.341105 ], [ 71.613631, 51.350087 ], [ 71.614142, 51.35907 ], [ 71.614654, 51.368052 ], [ 71.629004, 51.367731 ], [ 71.629519, 51.376714 ], [ 71.615166, 51.377035 ], [ 71.615678, 51.386017 ], [ 71.601322, 51.386337 ], [ 71.600813, 51.377355 ], [ 71.58646, 51.377673 ], [ 71.586966, 51.386655 ], [ 71.57261, 51.386972 ], [ 71.572106, 51.377989 ], [ 71.557752, 51.378303 ], [ 71.558253, 51.387286 ], [ 71.543896, 51.387599 ], [ 71.529539, 51.38791 ], [ 71.530035, 51.396893 ], [ 71.544395, 51.396582 ], [ 71.544894, 51.405565 ], [ 71.545393, 51.414548 ], [ 71.545892, 51.423531 ], [ 71.56026, 51.423218 ], [ 71.574628, 51.422903 ], [ 71.574123, 51.41392 ], [ 71.573618, 51.404937 ], [ 71.58798, 51.404621 ], [ 71.588488, 51.413603 ], [ 71.602852, 51.413285 ], [ 71.617217, 51.412965 ], [ 71.616704, 51.403983 ], [ 71.616191, 51.395 ], [ 71.630549, 51.394678 ], [ 71.644907, 51.394355 ], [ 71.644389, 51.385373 ], [ 71.658744, 51.385048 ], [ 71.658224, 51.376065 ], [ 71.672576, 51.375739 ], [ 71.672052, 51.366757 ], [ 71.657703, 51.367083 ], [ 71.643354, 51.367408 ], [ 71.642836, 51.358426 ], [ 71.642319, 51.349443 ], [ 71.641802, 51.340461 ], [ 71.627461, 51.340784 ], [ 71.626947, 51.331801 ], [ 71.626434, 51.322819 ], [ 71.612098, 51.323139 ], [ 71.611587, 51.314157 ], [ 71.597254, 51.314476 ], [ 71.596746, 51.305493 ], [ 71.582415, 51.30581 ], [ 71.581911, 51.296827 ], [ 71.567582, 51.297142 ], [ 71.568084, 51.306125 ], [ 71.568586, 51.315108 ], [ 71.58292, 51.314793 ], [ 71.583425, 51.323776 ], [ 71.58393, 51.332759 ], [ 71.598269, 51.332441 ], [ 71.598777, 51.341424 ], [ 71.613119, 51.341105 ] ], [ [ 71.559256, 51.405252 ], [ 71.558754, 51.396269 ], [ 71.573114, 51.395954 ], [ 71.573618, 51.404937 ], [ 71.559256, 51.405252 ] ] ], [ [ [ 71.6168, 50.900302 ], [ 71.617304, 50.909285 ], [ 71.631512, 50.908965 ], [ 71.631006, 50.899982 ], [ 71.6168, 50.900302 ] ] ], [ [ [ 71.64674, 50.92661 ], [ 71.64623, 50.917627 ], [ 71.645721, 50.908644 ], [ 71.631512, 50.908965 ], [ 71.632019, 50.917949 ], [ 71.632527, 50.926932 ], [ 71.64674, 50.92661 ] ] ], [ [ [ 71.664036, 50.980184 ], [ 71.678265, 50.979859 ], [ 71.677748, 50.970876 ], [ 71.663521, 50.971201 ], [ 71.664036, 50.980184 ] ] ], [ [ [ 71.642214, 51.097608 ], [ 71.65648, 51.097284 ], [ 71.655965, 51.088302 ], [ 71.641702, 51.088625 ], [ 71.642214, 51.097608 ] ] ], [ [ [ 71.675417, 51.177801 ], [ 71.674897, 51.168819 ], [ 71.660609, 51.169145 ], [ 71.661126, 51.178128 ], [ 71.675417, 51.177801 ] ] ], [ [ [ 71.647865, 51.196417 ], [ 71.648381, 51.2054 ], [ 71.648896, 51.214382 ], [ 71.663198, 51.214058 ], [ 71.663717, 51.22304 ], [ 71.664236, 51.232022 ], [ 71.649929, 51.232347 ], [ 71.650445, 51.24133 ], [ 71.636135, 51.241653 ], [ 71.621824, 51.241975 ], [ 71.622335, 51.250958 ], [ 71.636649, 51.250636 ], [ 71.637163, 51.259618 ], [ 71.651479, 51.259295 ], [ 71.650962, 51.250312 ], [ 71.665275, 51.249987 ], [ 71.679587, 51.24966 ], [ 71.68011, 51.258642 ], [ 71.680633, 51.267625 ], [ 71.666314, 51.267952 ], [ 71.666835, 51.276934 ], [ 71.667355, 51.285917 ], [ 71.681679, 51.285589 ], [ 71.681156, 51.276607 ], [ 71.695476, 51.276278 ], [ 71.709797, 51.275947 ], [ 71.710326, 51.284929 ], [ 71.710855, 51.293911 ], [ 71.725181, 51.293578 ], [ 71.724649, 51.284596 ], [ 71.738972, 51.284262 ], [ 71.738437, 51.27528 ], [ 71.724117, 51.275615 ], [ 71.723586, 51.266633 ], [ 71.709268, 51.266965 ], [ 71.70874, 51.257983 ], [ 71.708212, 51.249001 ], [ 71.6939, 51.249332 ], [ 71.693375, 51.240349 ], [ 71.69285, 51.231367 ], [ 71.692325, 51.222385 ], [ 71.691801, 51.213403 ], [ 71.6775, 51.213731 ], [ 71.676979, 51.204749 ], [ 71.691277, 51.20442 ], [ 71.705575, 51.204091 ], [ 71.706102, 51.213073 ], [ 71.720403, 51.212741 ], [ 71.719873, 51.203759 ], [ 71.734171, 51.203425 ], [ 71.734703, 51.212407 ], [ 71.749004, 51.212072 ], [ 71.748468, 51.20309 ], [ 71.747934, 51.194108 ], [ 71.762228, 51.193772 ], [ 71.776522, 51.193433 ], [ 71.775982, 51.184451 ], [ 71.775442, 51.17547 ], [ 71.774903, 51.166488 ], [ 71.789188, 51.166148 ], [ 71.788646, 51.157166 ], [ 71.774364, 51.157506 ], [ 71.760081, 51.157844 ], [ 71.759544, 51.148863 ], [ 71.773825, 51.148525 ], [ 71.788105, 51.148185 ], [ 71.787563, 51.139203 ], [ 71.80184, 51.138862 ], [ 71.802384, 51.147843 ], [ 71.816664, 51.1475 ], [ 71.816117, 51.138519 ], [ 71.81557, 51.129537 ], [ 71.801296, 51.12988 ], [ 71.800752, 51.120899 ], [ 71.786481, 51.12124 ], [ 71.772209, 51.121579 ], [ 71.757937, 51.121917 ], [ 71.758473, 51.130899 ], [ 71.772748, 51.130561 ], [ 71.773286, 51.139543 ], [ 71.759008, 51.139881 ], [ 71.744731, 51.140217 ], [ 71.730453, 51.140551 ], [ 71.730983, 51.149533 ], [ 71.745264, 51.149199 ], [ 71.745797, 51.158181 ], [ 71.746331, 51.167163 ], [ 71.746865, 51.176145 ], [ 71.761154, 51.175808 ], [ 71.761691, 51.18479 ], [ 71.747399, 51.185126 ], [ 71.733107, 51.185461 ], [ 71.733639, 51.194443 ], [ 71.719344, 51.194777 ], [ 71.705049, 51.195108 ], [ 71.690753, 51.195438 ], [ 71.676458, 51.195766 ], [ 71.675937, 51.186784 ], [ 71.661644, 51.18711 ], [ 71.64735, 51.187435 ], [ 71.633057, 51.187757 ], [ 71.618763, 51.188078 ], [ 71.619272, 51.197061 ], [ 71.633569, 51.19674 ], [ 71.647865, 51.196417 ] ] ], [ [ [ 71.654586, 51.313189 ], [ 71.654068, 51.304207 ], [ 71.668397, 51.303881 ], [ 71.668919, 51.312863 ], [ 71.683251, 51.312536 ], [ 71.682727, 51.303554 ], [ 71.682203, 51.294571 ], [ 71.667876, 51.294899 ], [ 71.653549, 51.295225 ], [ 71.639222, 51.295549 ], [ 71.639738, 51.304531 ], [ 71.640253, 51.313514 ], [ 71.640769, 51.322496 ], [ 71.655105, 51.322172 ], [ 71.654586, 51.313189 ] ] ], [ [ [ 71.656143, 51.340136 ], [ 71.670484, 51.33981 ], [ 71.669962, 51.330828 ], [ 71.66944, 51.321846 ], [ 71.655105, 51.322172 ], [ 71.655624, 51.331154 ], [ 71.656143, 51.340136 ] ] ], [ [ [ 71.684825, 51.339482 ], [ 71.670484, 51.33981 ], [ 71.671007, 51.348792 ], [ 71.68535, 51.348464 ], [ 71.699693, 51.348134 ], [ 71.699165, 51.339152 ], [ 71.684825, 51.339482 ] ] ], [ [ [ 71.671529, 51.357774 ], [ 71.671007, 51.348792 ], [ 71.656663, 51.349119 ], [ 71.657183, 51.358101 ], [ 71.671529, 51.357774 ] ] ], [ [ [ 71.714036, 51.347803 ], [ 71.699693, 51.348134 ], [ 71.700222, 51.357116 ], [ 71.685876, 51.357446 ], [ 71.686401, 51.366428 ], [ 71.686927, 51.37541 ], [ 71.687454, 51.384392 ], [ 71.701808, 51.384062 ], [ 71.701279, 51.37508 ], [ 71.70075, 51.366098 ], [ 71.715099, 51.365766 ], [ 71.714567, 51.356784 ], [ 71.714036, 51.347803 ] ] ], [ [ [ 71.658744, 51.385048 ], [ 71.659265, 51.39403 ], [ 71.673623, 51.393703 ], [ 71.68798, 51.393374 ], [ 71.687454, 51.384392 ], [ 71.673099, 51.384721 ], [ 71.658744, 51.385048 ] ] ], [ [ [ 71.660308, 51.411994 ], [ 71.674671, 51.411667 ], [ 71.674147, 51.402685 ], [ 71.659787, 51.403012 ], [ 71.660308, 51.411994 ] ] ], [ [ [ 71.675196, 51.420649 ], [ 71.689562, 51.42032 ], [ 71.689034, 51.411338 ], [ 71.674671, 51.411667 ], [ 71.675196, 51.420649 ] ] ], [ [ [ 71.646464, 51.421302 ], [ 71.645945, 51.41232 ], [ 71.631581, 51.412643 ], [ 71.632097, 51.421626 ], [ 71.646464, 51.421302 ] ] ], [ [ [ 71.764705, 50.995833 ], [ 71.778938, 50.995495 ], [ 71.793171, 50.995155 ], [ 71.792631, 50.986173 ], [ 71.792092, 50.977191 ], [ 71.806319, 50.97685 ], [ 71.820546, 50.976507 ], [ 71.820002, 50.967526 ], [ 71.805777, 50.967868 ], [ 71.791553, 50.96821 ], [ 71.791014, 50.959228 ], [ 71.790476, 50.950246 ], [ 71.776257, 50.950585 ], [ 71.762037, 50.950922 ], [ 71.76257, 50.959904 ], [ 71.776793, 50.959567 ], [ 71.777328, 50.968549 ], [ 71.777865, 50.977531 ], [ 71.778401, 50.986513 ], [ 71.764171, 50.986851 ], [ 71.74994, 50.987187 ], [ 71.750471, 50.996169 ], [ 71.764705, 50.995833 ] ] ], [ [ [ 71.710388, 51.042079 ], [ 71.724636, 51.041748 ], [ 71.725164, 51.05073 ], [ 71.739414, 51.050396 ], [ 71.739945, 51.059379 ], [ 71.754198, 51.059043 ], [ 71.76845, 51.058706 ], [ 71.782703, 51.058368 ], [ 71.782164, 51.049386 ], [ 71.767914, 51.049725 ], [ 71.767379, 51.040743 ], [ 71.781626, 51.040404 ], [ 71.781087, 51.031422 ], [ 71.766843, 51.031761 ], [ 71.766308, 51.022779 ], [ 71.752067, 51.023115 ], [ 71.751535, 51.014133 ], [ 71.765773, 51.013797 ], [ 71.780012, 51.013459 ], [ 71.779475, 51.004477 ], [ 71.765239, 51.004815 ], [ 71.751003, 51.005151 ], [ 71.736766, 51.005486 ], [ 71.737295, 51.014468 ], [ 71.737825, 51.02345 ], [ 71.723582, 51.023783 ], [ 71.70934, 51.024114 ], [ 71.709864, 51.033097 ], [ 71.710388, 51.042079 ] ] ], [ [ [ 71.699276, 51.096303 ], [ 71.699799, 51.105286 ], [ 71.714067, 51.104955 ], [ 71.728334, 51.104623 ], [ 71.742601, 51.104289 ], [ 71.756868, 51.103953 ], [ 71.771134, 51.103616 ], [ 71.770597, 51.094634 ], [ 71.77006, 51.085652 ], [ 71.769523, 51.07667 ], [ 71.755265, 51.077007 ], [ 71.755799, 51.085989 ], [ 71.741538, 51.086325 ], [ 71.727276, 51.086659 ], [ 71.727805, 51.095641 ], [ 71.71354, 51.095973 ], [ 71.699276, 51.096303 ] ] ], [ [ [ 71.743665, 51.122253 ], [ 71.757937, 51.121917 ], [ 71.757402, 51.112935 ], [ 71.743133, 51.113271 ], [ 71.743665, 51.122253 ] ] ], [ [ [ 71.76438, 51.229698 ], [ 71.763842, 51.220717 ], [ 71.778144, 51.220378 ], [ 71.777603, 51.211396 ], [ 71.777062, 51.202415 ], [ 71.762766, 51.202753 ], [ 71.763303, 51.211735 ], [ 71.749004, 51.212072 ], [ 71.749539, 51.221054 ], [ 71.750075, 51.230036 ], [ 71.76438, 51.229698 ] ] ], [ [ [ 71.722524, 51.248669 ], [ 71.721993, 51.239687 ], [ 71.736302, 51.239353 ], [ 71.75061, 51.239017 ], [ 71.750075, 51.230036 ], [ 71.735769, 51.230371 ], [ 71.735236, 51.221389 ], [ 71.734703, 51.212407 ], [ 71.720403, 51.212741 ], [ 71.720933, 51.221723 ], [ 71.721463, 51.230705 ], [ 71.707156, 51.231037 ], [ 71.707684, 51.240019 ], [ 71.708212, 51.249001 ], [ 71.722524, 51.248669 ] ] ], [ [ [ 71.737369, 51.257317 ], [ 71.751683, 51.256981 ], [ 71.751147, 51.247999 ], [ 71.736835, 51.248335 ], [ 71.737369, 51.257317 ] ] ], [ [ [ 71.711914, 51.311875 ], [ 71.726246, 51.311542 ], [ 71.740577, 51.311207 ], [ 71.740041, 51.302226 ], [ 71.725713, 51.30256 ], [ 71.711385, 51.302893 ], [ 71.711914, 51.311875 ] ] ], [ [ [ 71.741112, 51.320189 ], [ 71.755446, 51.319852 ], [ 71.754908, 51.310871 ], [ 71.740577, 51.311207 ], [ 71.741112, 51.320189 ] ] ], [ [ [ 71.69811, 51.321188 ], [ 71.712444, 51.320857 ], [ 71.711914, 51.311875 ], [ 71.697583, 51.312206 ], [ 71.69811, 51.321188 ] ] ], [ [ [ 71.712444, 51.320857 ], [ 71.712975, 51.329839 ], [ 71.713505, 51.338821 ], [ 71.727845, 51.338487 ], [ 71.727312, 51.329506 ], [ 71.726778, 51.320524 ], [ 71.712444, 51.320857 ] ] ], [ [ [ 71.742184, 51.338152 ], [ 71.756524, 51.337816 ], [ 71.755985, 51.328834 ], [ 71.741648, 51.329171 ], [ 71.742184, 51.338152 ] ] ], [ [ [ 71.772489, 51.364421 ], [ 71.771947, 51.35544 ], [ 71.757602, 51.355779 ], [ 71.757063, 51.346797 ], [ 71.742721, 51.347134 ], [ 71.728379, 51.347469 ], [ 71.728912, 51.356451 ], [ 71.743258, 51.356116 ], [ 71.743795, 51.365097 ], [ 71.758142, 51.36476 ], [ 71.772489, 51.364421 ] ] ], [ [ [ 71.71563, 51.374748 ], [ 71.729981, 51.374414 ], [ 71.729447, 51.365433 ], [ 71.715099, 51.365766 ], [ 71.71563, 51.374748 ] ] ], [ [ [ 71.773575, 51.382384 ], [ 71.773032, 51.373403 ], [ 71.758682, 51.373742 ], [ 71.744332, 51.374079 ], [ 71.729981, 51.374414 ], [ 71.730516, 51.383396 ], [ 71.744869, 51.383061 ], [ 71.759223, 51.382723 ], [ 71.759763, 51.391705 ], [ 71.774119, 51.391366 ], [ 71.773575, 51.382384 ] ] ], [ [ [ 71.716694, 51.392712 ], [ 71.731051, 51.392378 ], [ 71.730516, 51.383396 ], [ 71.716162, 51.38373 ], [ 71.716694, 51.392712 ] ] ], [ [ [ 71.731051, 51.392378 ], [ 71.731586, 51.401359 ], [ 71.732122, 51.410341 ], [ 71.746484, 51.410005 ], [ 71.745945, 51.401024 ], [ 71.745407, 51.392042 ], [ 71.731051, 51.392378 ] ] ], [ [ [ 71.761387, 51.418649 ], [ 71.760845, 51.409668 ], [ 71.746484, 51.410005 ], [ 71.747022, 51.418987 ], [ 71.761387, 51.418649 ] ] ], [ [ [ 71.747022, 51.418987 ], [ 71.732658, 51.419323 ], [ 71.732122, 51.410341 ], [ 71.71776, 51.410675 ], [ 71.703397, 51.411008 ], [ 71.703927, 51.419989 ], [ 71.718293, 51.419657 ], [ 71.718826, 51.428639 ], [ 71.733194, 51.428304 ], [ 71.747561, 51.427968 ], [ 71.747022, 51.418987 ] ] ], [ [ [ 71.832586, 50.940236 ], [ 71.81837, 50.940581 ], [ 71.804154, 50.940923 ], [ 71.804695, 50.949905 ], [ 71.805236, 50.958887 ], [ 71.819457, 50.958544 ], [ 71.818914, 50.949562 ], [ 71.833132, 50.949218 ], [ 71.832586, 50.940236 ] ] ], [ [ [ 71.834773, 50.976163 ], [ 71.848999, 50.975816 ], [ 71.863225, 50.975468 ], [ 71.862672, 50.966487 ], [ 71.848449, 50.966835 ], [ 71.834225, 50.967181 ], [ 71.834773, 50.976163 ] ] ], [ [ [ 71.807946, 51.003795 ], [ 71.808489, 51.012777 ], [ 71.822726, 51.012434 ], [ 71.836964, 51.012089 ], [ 71.836416, 51.003107 ], [ 71.822181, 51.003452 ], [ 71.821636, 50.994471 ], [ 71.835868, 50.994126 ], [ 71.83532, 50.985144 ], [ 71.821091, 50.985489 ], [ 71.806861, 50.985832 ], [ 71.807403, 50.994814 ], [ 71.807946, 51.003795 ] ] ], [ [ [ 71.851201, 51.011742 ], [ 71.865438, 51.011393 ], [ 71.864884, 51.002412 ], [ 71.85065, 51.00276 ], [ 71.851201, 51.011742 ] ] ], [ [ [ 71.851752, 51.020723 ], [ 71.837512, 51.02107 ], [ 71.838061, 51.030051 ], [ 71.852304, 51.029704 ], [ 71.866546, 51.029356 ], [ 71.865992, 51.020374 ], [ 71.851752, 51.020723 ] ] ], [ [ [ 71.795331, 51.031082 ], [ 71.809575, 51.03074 ], [ 71.809032, 51.021759 ], [ 71.794791, 51.0221 ], [ 71.795331, 51.031082 ] ] ], [ [ [ 71.824365, 51.039378 ], [ 71.83861, 51.039033 ], [ 71.838061, 51.030051 ], [ 71.823818, 51.030397 ], [ 71.824365, 51.039378 ] ] ], [ [ [ 71.811751, 51.066667 ], [ 71.812296, 51.075648 ], [ 71.798038, 51.075991 ], [ 71.783781, 51.076331 ], [ 71.78432, 51.085313 ], [ 71.798581, 51.084972 ], [ 71.812841, 51.08463 ], [ 71.827101, 51.084286 ], [ 71.84136, 51.08394 ], [ 71.841911, 51.092921 ], [ 71.856173, 51.092573 ], [ 71.870435, 51.092224 ], [ 71.869878, 51.083242 ], [ 71.869322, 51.074261 ], [ 71.883578, 51.07391 ], [ 71.88302, 51.064929 ], [ 71.868767, 51.06528 ], [ 71.854513, 51.06563 ], [ 71.855066, 51.074611 ], [ 71.84081, 51.074958 ], [ 71.840259, 51.065977 ], [ 71.826005, 51.066323 ], [ 71.825458, 51.057341 ], [ 71.839709, 51.056996 ], [ 71.85396, 51.056648 ], [ 71.853408, 51.047667 ], [ 71.83916, 51.048014 ], [ 71.824911, 51.04836 ], [ 71.810662, 51.048704 ], [ 71.796413, 51.049046 ], [ 71.796955, 51.058027 ], [ 71.811207, 51.057685 ], [ 71.811751, 51.066667 ] ] ], [ [ [ 71.769523, 51.07667 ], [ 71.783781, 51.076331 ], [ 71.783242, 51.06735 ], [ 71.768986, 51.067688 ], [ 71.769523, 51.07667 ] ] ], [ [ [ 71.814477, 51.111574 ], [ 71.813932, 51.102593 ], [ 71.799666, 51.102936 ], [ 71.799123, 51.093954 ], [ 71.78486, 51.094295 ], [ 71.7854, 51.103276 ], [ 71.78594, 51.112258 ], [ 71.800209, 51.111917 ], [ 71.800752, 51.120899 ], [ 71.815024, 51.120556 ], [ 71.814477, 51.111574 ] ] ], [ [ [ 71.788646, 51.157166 ], [ 71.802929, 51.156825 ], [ 71.802384, 51.147843 ], [ 71.788105, 51.148185 ], [ 71.788646, 51.157166 ] ] ], [ [ [ 71.817758, 51.165463 ], [ 71.832043, 51.165118 ], [ 71.831493, 51.156136 ], [ 71.817211, 51.156481 ], [ 71.817758, 51.165463 ] ] ], [ [ [ 71.818306, 51.174444 ], [ 71.817758, 51.165463 ], [ 71.803474, 51.165806 ], [ 71.804019, 51.174788 ], [ 71.818306, 51.174444 ] ] ], [ [ [ 71.818854, 51.183425 ], [ 71.833145, 51.18308 ], [ 71.832594, 51.174099 ], [ 71.818306, 51.174444 ], [ 71.818854, 51.183425 ] ] ], [ [ [ 71.818854, 51.183425 ], [ 71.804564, 51.183769 ], [ 71.805109, 51.192751 ], [ 71.819403, 51.192407 ], [ 71.818854, 51.183425 ] ] ], [ [ [ 71.805655, 51.201732 ], [ 71.805109, 51.192751 ], [ 71.790816, 51.193093 ], [ 71.791359, 51.202074 ], [ 71.805655, 51.201732 ] ] ], [ [ [ 71.822149, 51.237313 ], [ 71.836456, 51.236967 ], [ 71.850762, 51.236619 ], [ 71.850207, 51.227638 ], [ 71.849652, 51.218657 ], [ 71.863953, 51.218308 ], [ 71.878253, 51.217957 ], [ 71.877693, 51.208976 ], [ 71.863395, 51.209327 ], [ 71.849097, 51.209676 ], [ 71.848543, 51.200695 ], [ 71.834247, 51.201042 ], [ 71.819951, 51.201388 ], [ 71.8205, 51.210369 ], [ 71.834799, 51.210024 ], [ 71.835351, 51.219005 ], [ 71.835903, 51.227986 ], [ 71.821599, 51.228332 ], [ 71.822149, 51.237313 ] ] ], [ [ [ 71.79299, 51.229019 ], [ 71.807295, 51.228676 ], [ 71.806748, 51.219695 ], [ 71.792446, 51.220037 ], [ 71.79299, 51.229019 ] ] ], [ [ [ 71.764919, 51.23868 ], [ 71.765458, 51.247662 ], [ 71.765997, 51.256643 ], [ 71.78031, 51.256304 ], [ 71.779768, 51.247322 ], [ 71.779227, 51.238341 ], [ 71.778685, 51.229359 ], [ 71.76438, 51.229698 ], [ 71.764919, 51.23868 ] ] ], [ [ [ 71.838669, 51.272891 ], [ 71.838115, 51.26391 ], [ 71.8238, 51.264257 ], [ 71.824351, 51.273238 ], [ 71.838669, 51.272891 ] ] ], [ [ [ 71.853543, 51.281524 ], [ 71.867864, 51.281174 ], [ 71.867304, 51.272193 ], [ 71.852987, 51.272543 ], [ 71.853543, 51.281524 ] ] ], [ [ [ 71.830984, 51.38101 ], [ 71.845336, 51.380662 ], [ 71.844779, 51.371682 ], [ 71.859127, 51.371332 ], [ 71.859687, 51.380313 ], [ 71.874038, 51.379961 ], [ 71.873475, 51.370981 ], [ 71.872913, 51.362 ], [ 71.887258, 51.361647 ], [ 71.886693, 51.352667 ], [ 71.87235, 51.35302 ], [ 71.858008, 51.353371 ], [ 71.858567, 51.362351 ], [ 71.844222, 51.362701 ], [ 71.843665, 51.35372 ], [ 71.829322, 51.354067 ], [ 71.829876, 51.363048 ], [ 71.81553, 51.363394 ], [ 71.816081, 51.372375 ], [ 71.83043, 51.372029 ], [ 71.830984, 51.38101 ] ] ], [ [ [ 71.830984, 51.38101 ], [ 71.816632, 51.381356 ], [ 71.816081, 51.372375 ], [ 71.801732, 51.37272 ], [ 71.80228, 51.381701 ], [ 71.802829, 51.390682 ], [ 71.817184, 51.390337 ], [ 71.831539, 51.389991 ], [ 71.830984, 51.38101 ] ] ], [ [ [ 71.860247, 51.389293 ], [ 71.845893, 51.389643 ], [ 71.831539, 51.389991 ], [ 71.832094, 51.398972 ], [ 71.846451, 51.398624 ], [ 71.847009, 51.407605 ], [ 71.861369, 51.407255 ], [ 71.860808, 51.398274 ], [ 71.860247, 51.389293 ] ] ], [ [ [ 71.803928, 51.408644 ], [ 71.818289, 51.408299 ], [ 71.817736, 51.399318 ], [ 71.803379, 51.399663 ], [ 71.789021, 51.400006 ], [ 71.789568, 51.408987 ], [ 71.775207, 51.409328 ], [ 71.775751, 51.418309 ], [ 71.790115, 51.417968 ], [ 71.804478, 51.417625 ], [ 71.803928, 51.408644 ] ] ], [ [ [ 71.760845, 51.409668 ], [ 71.775207, 51.409328 ], [ 71.774663, 51.400347 ], [ 71.760304, 51.400686 ], [ 71.760845, 51.409668 ] ] ], [ [ [ 71.862491, 51.425216 ], [ 71.876856, 51.424864 ], [ 71.891221, 51.42451 ], [ 71.890654, 51.41553 ], [ 71.890087, 51.40655 ], [ 71.88952, 51.397569 ], [ 71.888954, 51.388589 ], [ 71.874601, 51.388942 ], [ 71.875164, 51.397923 ], [ 71.875728, 51.406903 ], [ 71.876292, 51.415884 ], [ 71.86193, 51.416235 ], [ 71.847567, 51.416585 ], [ 71.847009, 51.407605 ], [ 71.832649, 51.407953 ], [ 71.833205, 51.416934 ], [ 71.818842, 51.41728 ], [ 71.819394, 51.426261 ], [ 71.83376, 51.425915 ], [ 71.848126, 51.425566 ], [ 71.862491, 51.425216 ] ] ], [ [ [ 71.932087, 50.937779 ], [ 71.931522, 50.928798 ], [ 71.917311, 50.929154 ], [ 71.917874, 50.938135 ], [ 71.90366, 50.938489 ], [ 71.90422, 50.947471 ], [ 71.918436, 50.947116 ], [ 71.918999, 50.956097 ], [ 71.919563, 50.965078 ], [ 71.90534, 50.965433 ], [ 71.905901, 50.974414 ], [ 71.920126, 50.974058 ], [ 71.92069, 50.983039 ], [ 71.921254, 50.99202 ], [ 71.935484, 50.991663 ], [ 71.936051, 51.000644 ], [ 71.950284, 51.000285 ], [ 71.950854, 51.009266 ], [ 71.965089, 51.008905 ], [ 71.965662, 51.017885 ], [ 71.9799, 51.017523 ], [ 71.979324, 51.008542 ], [ 71.993558, 51.008178 ], [ 71.99298, 50.999198 ], [ 71.992401, 50.990218 ], [ 71.978173, 50.990582 ], [ 71.978748, 50.999562 ], [ 71.964516, 50.999924 ], [ 71.963943, 50.990944 ], [ 71.963371, 50.981964 ], [ 71.962799, 50.972983 ], [ 71.948575, 50.973343 ], [ 71.934351, 50.973702 ], [ 71.933784, 50.964721 ], [ 71.948006, 50.964363 ], [ 71.947437, 50.955382 ], [ 71.961656, 50.955022 ], [ 71.962227, 50.964002 ], [ 71.976448, 50.963641 ], [ 71.975874, 50.95466 ], [ 71.9753, 50.94568 ], [ 71.989515, 50.945316 ], [ 72.00373, 50.944951 ], [ 72.017945, 50.944585 ], [ 72.017363, 50.935605 ], [ 72.003151, 50.935971 ], [ 71.988939, 50.936336 ], [ 71.988363, 50.927356 ], [ 72.002572, 50.926991 ], [ 72.001994, 50.918011 ], [ 71.987787, 50.918375 ], [ 71.97358, 50.918738 ], [ 71.959373, 50.9191 ], [ 71.945165, 50.919459 ], [ 71.945733, 50.92844 ], [ 71.946301, 50.937421 ], [ 71.946869, 50.946401 ], [ 71.932653, 50.946759 ], [ 71.932087, 50.937779 ] ], [ [ 71.961085, 50.946041 ], [ 71.960514, 50.937061 ], [ 71.959943, 50.92808 ], [ 71.974153, 50.927719 ], [ 71.974727, 50.936699 ], [ 71.9753, 50.94568 ], [ 71.961085, 50.946041 ] ] ], [ [ [ 71.861568, 50.948524 ], [ 71.86212, 50.957506 ], [ 71.87634, 50.957156 ], [ 71.876895, 50.966137 ], [ 71.877451, 50.975118 ], [ 71.891676, 50.974767 ], [ 71.891118, 50.965786 ], [ 71.90534, 50.965433 ], [ 71.90478, 50.956452 ], [ 71.90422, 50.947471 ], [ 71.890003, 50.947823 ], [ 71.889445, 50.938842 ], [ 71.888889, 50.929861 ], [ 71.874677, 50.930212 ], [ 71.875231, 50.939193 ], [ 71.861016, 50.939543 ], [ 71.861568, 50.948524 ] ] ], [ [ [ 71.892793, 50.992729 ], [ 71.878562, 50.993081 ], [ 71.878006, 50.9841 ], [ 71.877451, 50.975118 ], [ 71.863225, 50.975468 ], [ 71.863778, 50.984449 ], [ 71.864331, 50.993431 ], [ 71.864884, 51.002412 ], [ 71.879118, 51.002062 ], [ 71.893352, 51.00171 ], [ 71.892793, 50.992729 ] ] ], [ [ [ 71.907024, 50.992375 ], [ 71.906462, 50.983394 ], [ 71.892234, 50.983748 ], [ 71.892793, 50.992729 ], [ 71.907024, 50.992375 ] ] ], [ [ [ 71.936619, 51.009625 ], [ 71.936051, 51.000644 ], [ 71.921819, 51.001001 ], [ 71.922383, 51.009982 ], [ 71.908147, 51.010337 ], [ 71.90871, 51.019318 ], [ 71.922948, 51.018963 ], [ 71.923514, 51.027943 ], [ 71.937755, 51.027586 ], [ 71.938323, 51.036566 ], [ 71.952566, 51.036207 ], [ 71.951995, 51.027227 ], [ 71.951424, 51.018246 ], [ 71.950854, 51.009266 ], [ 71.936619, 51.009625 ] ] ], [ [ [ 71.895031, 51.028653 ], [ 71.909272, 51.028299 ], [ 71.90871, 51.019318 ], [ 71.894471, 51.019672 ], [ 71.895031, 51.028653 ] ] ], [ [ [ 71.867101, 51.038337 ], [ 71.881346, 51.037986 ], [ 71.880789, 51.029005 ], [ 71.866546, 51.029356 ], [ 71.867101, 51.038337 ] ] ], [ [ [ 71.924645, 51.045905 ], [ 71.938891, 51.045547 ], [ 71.938323, 51.036566 ], [ 71.924079, 51.036924 ], [ 71.924645, 51.045905 ] ] ], [ [ [ 71.909835, 51.03728 ], [ 71.895591, 51.037634 ], [ 71.881346, 51.037986 ], [ 71.881904, 51.046967 ], [ 71.896151, 51.046615 ], [ 71.896712, 51.055596 ], [ 71.910962, 51.055241 ], [ 71.910398, 51.046261 ], [ 71.909835, 51.03728 ] ] ], [ [ [ 71.953709, 51.054168 ], [ 71.953138, 51.045188 ], [ 71.938891, 51.045547 ], [ 71.93946, 51.054528 ], [ 71.953709, 51.054168 ] ] ], [ [ [ 71.910962, 51.055241 ], [ 71.911525, 51.064222 ], [ 71.925778, 51.063866 ], [ 71.94003, 51.063508 ], [ 71.93946, 51.054528 ], [ 71.925211, 51.054885 ], [ 71.910962, 51.055241 ] ] ], [ [ [ 71.955426, 51.081109 ], [ 71.954854, 51.072129 ], [ 71.940599, 51.072489 ], [ 71.941169, 51.081469 ], [ 71.955426, 51.081109 ] ] ], [ [ [ 71.897834, 51.073558 ], [ 71.883578, 51.07391 ], [ 71.884137, 51.082891 ], [ 71.898395, 51.082538 ], [ 71.912654, 51.082184 ], [ 71.912089, 51.073203 ], [ 71.897834, 51.073558 ] ] ], [ [ [ 71.955999, 51.09009 ], [ 71.970259, 51.089728 ], [ 71.969683, 51.080748 ], [ 71.955426, 51.081109 ], [ 71.955999, 51.09009 ] ] ], [ [ [ 71.941169, 51.081469 ], [ 71.926911, 51.081827 ], [ 71.927479, 51.090808 ], [ 71.941739, 51.09045 ], [ 71.941169, 51.081469 ] ] ], [ [ [ 71.928046, 51.099789 ], [ 71.927479, 51.090808 ], [ 71.913218, 51.091164 ], [ 71.913783, 51.100145 ], [ 71.928046, 51.099789 ] ] ], [ [ [ 71.915479, 51.127087 ], [ 71.929751, 51.12673 ], [ 71.929182, 51.11775 ], [ 71.914914, 51.118107 ], [ 71.914348, 51.109126 ], [ 71.913783, 51.100145 ], [ 71.899519, 51.1005 ], [ 71.898957, 51.091519 ], [ 71.884696, 51.091872 ], [ 71.885255, 51.100853 ], [ 71.885815, 51.109834 ], [ 71.900082, 51.109481 ], [ 71.900644, 51.118462 ], [ 71.901207, 51.127442 ], [ 71.915479, 51.127087 ] ] ], [ [ [ 71.928046, 51.099789 ], [ 71.928614, 51.108769 ], [ 71.94288, 51.108411 ], [ 71.957145, 51.108051 ], [ 71.956572, 51.09907 ], [ 71.942309, 51.09943 ], [ 71.928046, 51.099789 ] ] ], [ [ [ 71.957719, 51.117031 ], [ 71.971987, 51.116669 ], [ 71.971411, 51.107689 ], [ 71.957145, 51.108051 ], [ 71.957719, 51.117031 ] ] ], [ [ [ 71.944022, 51.126372 ], [ 71.929751, 51.12673 ], [ 71.93032, 51.135711 ], [ 71.944594, 51.135352 ], [ 71.958867, 51.134991 ], [ 71.958293, 51.126011 ], [ 71.944022, 51.126372 ] ] ], [ [ [ 71.96232, 51.188873 ], [ 71.97661, 51.18851 ], [ 71.976031, 51.17953 ], [ 71.990318, 51.179165 ], [ 71.989736, 51.170185 ], [ 71.975452, 51.17055 ], [ 71.961168, 51.170912 ], [ 71.960592, 51.161932 ], [ 71.960017, 51.152952 ], [ 71.945738, 51.153313 ], [ 71.931458, 51.153672 ], [ 71.932028, 51.162652 ], [ 71.932598, 51.171633 ], [ 71.933168, 51.180613 ], [ 71.947456, 51.180254 ], [ 71.961743, 51.179893 ], [ 71.96232, 51.188873 ] ] ], [ [ [ 71.861168, 51.173403 ], [ 71.875454, 51.173052 ], [ 71.874895, 51.164071 ], [ 71.860612, 51.164422 ], [ 71.861168, 51.173403 ] ] ], [ [ [ 71.949177, 51.207195 ], [ 71.948603, 51.198214 ], [ 71.934309, 51.198574 ], [ 71.93488, 51.207554 ], [ 71.949177, 51.207195 ] ] ], [ [ [ 71.993229, 51.224065 ], [ 72.007529, 51.223698 ], [ 72.02183, 51.223329 ], [ 72.021241, 51.21435 ], [ 72.035538, 51.213979 ], [ 72.034948, 51.205 ], [ 72.049242, 51.204628 ], [ 72.048648, 51.195648 ], [ 72.034357, 51.19602 ], [ 72.033767, 51.187041 ], [ 72.033177, 51.178061 ], [ 72.032587, 51.169081 ], [ 72.018304, 51.169451 ], [ 72.017717, 51.160471 ], [ 72.031998, 51.160102 ], [ 72.031409, 51.151122 ], [ 72.017131, 51.151491 ], [ 72.016545, 51.142512 ], [ 72.01596, 51.133532 ], [ 72.001687, 51.133899 ], [ 71.987414, 51.134265 ], [ 71.987994, 51.143245 ], [ 72.00227, 51.142879 ], [ 72.002853, 51.151859 ], [ 72.003437, 51.160839 ], [ 72.00402, 51.169819 ], [ 72.004604, 51.178799 ], [ 71.990318, 51.179165 ], [ 71.990899, 51.188145 ], [ 71.991481, 51.197125 ], [ 71.992063, 51.206105 ], [ 72.006359, 51.205738 ], [ 72.006944, 51.214718 ], [ 71.992646, 51.215085 ], [ 71.978348, 51.21545 ], [ 71.977768, 51.20647 ], [ 71.963473, 51.206833 ], [ 71.949177, 51.207195 ], [ 71.949751, 51.216175 ], [ 71.96405, 51.215813 ], [ 71.964627, 51.224793 ], [ 71.978928, 51.22443 ], [ 71.993229, 51.224065 ] ], [ [ 72.018891, 51.178431 ], [ 72.019478, 51.18741 ], [ 72.005189, 51.187779 ], [ 72.004604, 51.178799 ], [ 72.018891, 51.178431 ] ] ], [ [ [ 71.89368, 51.235565 ], [ 71.907986, 51.23521 ], [ 71.907419, 51.22623 ], [ 71.893117, 51.226584 ], [ 71.89368, 51.235565 ] ] ], [ [ [ 71.937741, 51.252456 ], [ 71.952051, 51.252096 ], [ 71.951475, 51.243116 ], [ 71.937168, 51.243476 ], [ 71.937741, 51.252456 ] ] ], [ [ [ 71.90217, 51.370273 ], [ 71.901602, 51.361293 ], [ 71.887258, 51.361647 ], [ 71.887823, 51.370628 ], [ 71.90217, 51.370273 ] ] ], [ [ [ 71.903307, 51.388234 ], [ 71.91766, 51.387877 ], [ 71.917089, 51.378897 ], [ 71.902739, 51.379253 ], [ 71.903307, 51.388234 ] ] ], [ [ [ 71.934313, 51.423439 ], [ 71.933737, 51.414459 ], [ 71.948098, 51.414098 ], [ 71.94752, 51.405118 ], [ 71.933162, 51.405479 ], [ 71.932587, 51.396499 ], [ 71.932013, 51.387518 ], [ 71.91766, 51.387877 ], [ 71.918232, 51.396857 ], [ 71.918804, 51.405837 ], [ 71.904446, 51.406194 ], [ 71.905015, 51.415175 ], [ 71.905585, 51.424155 ], [ 71.919949, 51.423798 ], [ 71.934313, 51.423439 ] ] ], [ [ [ 72.013879, 50.881723 ], [ 72.028074, 50.881356 ], [ 72.027491, 50.872376 ], [ 72.013299, 50.872743 ], [ 72.013879, 50.881723 ] ] ], [ [ [ 71.999683, 50.882089 ], [ 71.999106, 50.873109 ], [ 71.984913, 50.873473 ], [ 71.985487, 50.882454 ], [ 71.986062, 50.891434 ], [ 71.986637, 50.900415 ], [ 72.000838, 50.90005 ], [ 72.00026, 50.89107 ], [ 71.999683, 50.882089 ] ] ], [ [ [ 72.042854, 50.889966 ], [ 72.057052, 50.889595 ], [ 72.056463, 50.880615 ], [ 72.042269, 50.880986 ], [ 72.042854, 50.889966 ] ] ], [ [ [ 72.03099, 50.926256 ], [ 72.030407, 50.917276 ], [ 72.044612, 50.916906 ], [ 72.058818, 50.916535 ], [ 72.058229, 50.907555 ], [ 72.044026, 50.907926 ], [ 72.029823, 50.908296 ], [ 72.015619, 50.908664 ], [ 72.001416, 50.90903 ], [ 72.001994, 50.918011 ], [ 72.0162, 50.917644 ], [ 72.016782, 50.926624 ], [ 72.03099, 50.926256 ] ] ], [ [ [ 72.059997, 50.934494 ], [ 72.059407, 50.925514 ], [ 72.045199, 50.925886 ], [ 72.03099, 50.926256 ], [ 72.031575, 50.935236 ], [ 72.032159, 50.944216 ], [ 72.046373, 50.943846 ], [ 72.060587, 50.943474 ], [ 72.059997, 50.934494 ] ] ], [ [ [ 72.018527, 50.953565 ], [ 72.032744, 50.953196 ], [ 72.032159, 50.944216 ], [ 72.017945, 50.944585 ], [ 72.018527, 50.953565 ] ] ], [ [ [ 72.021442, 50.998465 ], [ 72.020858, 50.989485 ], [ 72.020275, 50.980505 ], [ 72.019692, 50.971525 ], [ 72.005469, 50.971892 ], [ 72.00605, 50.980872 ], [ 72.00663, 50.989852 ], [ 72.007211, 50.998832 ], [ 72.007792, 51.007812 ], [ 72.022026, 51.007445 ], [ 72.021442, 50.998465 ] ] ], [ [ [ 72.02261, 51.016425 ], [ 72.036846, 51.016055 ], [ 72.036259, 51.007076 ], [ 72.022026, 51.007445 ], [ 72.02261, 51.016425 ] ] ], [ [ [ 72.023195, 51.025405 ], [ 72.02261, 51.016425 ], [ 72.008374, 51.016793 ], [ 72.008955, 51.025773 ], [ 72.023195, 51.025405 ] ] ], [ [ [ 71.994716, 51.026139 ], [ 71.994137, 51.017159 ], [ 71.9799, 51.017523 ], [ 71.980476, 51.026503 ], [ 71.994716, 51.026139 ] ] ], [ [ [ 72.038609, 51.042995 ], [ 72.038021, 51.034015 ], [ 72.037433, 51.025035 ], [ 72.023195, 51.025405 ], [ 72.023779, 51.034385 ], [ 72.009537, 51.034753 ], [ 71.995295, 51.035119 ], [ 71.995875, 51.044099 ], [ 72.01012, 51.043733 ], [ 72.010702, 51.052713 ], [ 72.02495, 51.052344 ], [ 72.024364, 51.043365 ], [ 72.038609, 51.042995 ] ] ], [ [ [ 71.980476, 51.026503 ], [ 71.966236, 51.026866 ], [ 71.96681, 51.035846 ], [ 71.967384, 51.044826 ], [ 71.981629, 51.044464 ], [ 71.981052, 51.035483 ], [ 71.980476, 51.026503 ] ] ], [ [ [ 71.981629, 51.044464 ], [ 71.982206, 51.053444 ], [ 71.996455, 51.053079 ], [ 71.995875, 51.044099 ], [ 71.981629, 51.044464 ] ] ], [ [ [ 71.98394, 51.080384 ], [ 71.998196, 51.080019 ], [ 71.998777, 51.088999 ], [ 71.999358, 51.097979 ], [ 71.99994, 51.106959 ], [ 71.985676, 51.107325 ], [ 71.986255, 51.116305 ], [ 71.971987, 51.116669 ], [ 71.972564, 51.125649 ], [ 71.986834, 51.125285 ], [ 72.001104, 51.124919 ], [ 72.000522, 51.115939 ], [ 72.014789, 51.115572 ], [ 72.029056, 51.115203 ], [ 72.028468, 51.106223 ], [ 72.014204, 51.106592 ], [ 72.01362, 51.097612 ], [ 72.027881, 51.097244 ], [ 72.027294, 51.088264 ], [ 72.026708, 51.079284 ], [ 72.026121, 51.070304 ], [ 72.011869, 51.070673 ], [ 72.011285, 51.061693 ], [ 72.010702, 51.052713 ], [ 71.996455, 51.053079 ], [ 71.997035, 51.062059 ], [ 71.982784, 51.062424 ], [ 71.983362, 51.071404 ], [ 71.969108, 51.071767 ], [ 71.969683, 51.080748 ], [ 71.98394, 51.080384 ] ] ], [ [ [ 71.985676, 51.107325 ], [ 71.985097, 51.098345 ], [ 71.984518, 51.089365 ], [ 71.970259, 51.089728 ], [ 71.970834, 51.098708 ], [ 71.971411, 51.107689 ], [ 71.985676, 51.107325 ] ] ], [ [ [ 71.987994, 51.143245 ], [ 71.973718, 51.143609 ], [ 71.974296, 51.152589 ], [ 71.974874, 51.16157 ], [ 71.989155, 51.161205 ], [ 71.988575, 51.152225 ], [ 71.987994, 51.143245 ] ] ], [ [ [ 72.046278, 51.15973 ], [ 72.031998, 51.160102 ], [ 72.032587, 51.169081 ], [ 72.04687, 51.16871 ], [ 72.061153, 51.168337 ], [ 72.060558, 51.159357 ], [ 72.046278, 51.15973 ] ] ], [ [ [ 71.967518, 51.269694 ], [ 71.981833, 51.26933 ], [ 71.981251, 51.26035 ], [ 71.966939, 51.260714 ], [ 71.967518, 51.269694 ] ] ], [ [ [ 72.012813, 51.304515 ], [ 72.027139, 51.304145 ], [ 72.026548, 51.295166 ], [ 72.012225, 51.295535 ], [ 72.012813, 51.304515 ] ] ], [ [ [ 71.986496, 51.341168 ], [ 72.000833, 51.340802 ], [ 72.000246, 51.331822 ], [ 71.985912, 51.332189 ], [ 71.986496, 51.341168 ] ] ], [ [ [ 71.988249, 51.368107 ], [ 71.987665, 51.359128 ], [ 71.973322, 51.359493 ], [ 71.973904, 51.368473 ], [ 71.988249, 51.368107 ] ] ], [ [ [ 72.060573, 51.375234 ], [ 72.059974, 51.366255 ], [ 72.045629, 51.366629 ], [ 72.046226, 51.375608 ], [ 72.060573, 51.375234 ] ] ] ] } },
{ "type": "Feature", "properties": { "risk_class": 4 }, "geometry": { "type": "MultiPolygon", "coordinates": [ [ [ [ 71.025802, 51.046964 ], [ 71.040059, 51.046716 ], [ 71.054315, 51.046466 ], [ 71.053918, 51.037479 ], [ 71.039664, 51.037729 ], [ 71.039269, 51.028742 ], [ 71.038875, 51.019755 ], [ 71.038481, 51.010769 ], [ 71.038087, 51.001782 ], [ 71.023844, 51.002029 ], [ 71.009601, 51.002275 ], [ 71.009989, 51.011262 ], [ 71.024235, 51.011016 ], [ 71.024627, 51.020003 ], [ 71.025018, 51.02899 ], [ 71.02541, 51.037977 ], [ 71.025802, 51.046964 ] ] ], [ [ [ 70.939508, 51.030441 ], [ 70.95376, 51.030203 ], [ 70.968012, 51.029964 ], [ 70.968393, 51.038951 ], [ 70.982647, 51.03871 ], [ 70.996902, 51.038468 ], [ 70.996516, 51.029481 ], [ 70.996129, 51.020494 ], [ 71.010378, 51.020249 ], [ 71.009989, 51.011262 ], [ 70.995743, 51.011507 ], [ 70.995358, 51.00252 ], [ 70.981114, 51.002762 ], [ 70.981497, 51.011749 ], [ 70.967251, 51.01199 ], [ 70.953004, 51.012229 ], [ 70.953382, 51.021216 ], [ 70.939133, 51.021454 ], [ 70.939508, 51.030441 ] ] ], [ [ [ 70.89565, 51.00418 ], [ 70.896016, 51.013168 ], [ 70.896383, 51.022155 ], [ 70.910633, 51.021923 ], [ 70.911003, 51.030911 ], [ 70.925255, 51.030677 ], [ 70.924883, 51.021689 ], [ 70.939133, 51.021454 ], [ 70.938758, 51.012466 ], [ 70.953004, 51.012229 ], [ 70.952627, 51.003242 ], [ 70.938383, 51.003479 ], [ 70.924139, 51.003715 ], [ 70.924511, 51.012702 ], [ 70.910264, 51.012936 ], [ 70.909894, 51.003948 ], [ 70.89565, 51.00418 ] ] ], [ [ [ 70.939883, 51.039428 ], [ 70.939508, 51.030441 ], [ 70.925255, 51.030677 ], [ 70.925628, 51.039664 ], [ 70.939883, 51.039428 ] ] ], [ [ [ 70.954138, 51.039191 ], [ 70.939883, 51.039428 ], [ 70.940259, 51.048416 ], [ 70.954516, 51.048178 ], [ 70.968774, 51.047938 ], [ 70.968393, 51.038951 ], [ 70.954138, 51.039191 ] ] ], [ [ [ 71.028159, 51.100884 ], [ 71.042432, 51.100636 ], [ 71.042036, 51.091649 ], [ 71.056306, 51.091399 ], [ 71.055907, 51.082412 ], [ 71.070175, 51.08216 ], [ 71.084442, 51.081907 ], [ 71.084038, 51.07292 ], [ 71.069773, 51.073174 ], [ 71.069373, 51.064187 ], [ 71.055111, 51.064439 ], [ 71.040849, 51.064689 ], [ 71.040454, 51.055702 ], [ 71.026194, 51.05595 ], [ 71.025802, 51.046964 ], [ 71.011545, 51.04721 ], [ 71.011935, 51.056197 ], [ 70.997675, 51.056441 ], [ 70.998062, 51.065428 ], [ 71.012325, 51.065184 ], [ 71.012715, 51.07417 ], [ 71.013105, 51.083157 ], [ 71.013495, 51.092144 ], [ 71.027765, 51.091897 ], [ 71.028159, 51.100884 ] ], [ [ 71.04164, 51.082662 ], [ 71.027372, 51.082911 ], [ 71.02698, 51.073924 ], [ 71.041244, 51.073676 ], [ 71.055509, 51.073426 ], [ 71.055907, 51.082412 ], [ 71.04164, 51.082662 ] ] ], [ [ [ 70.898955, 51.085068 ], [ 70.913224, 51.084835 ], [ 70.912854, 51.075848 ], [ 70.92712, 51.075613 ], [ 70.926747, 51.066626 ], [ 70.926374, 51.057639 ], [ 70.912113, 51.057873 ], [ 70.897852, 51.058105 ], [ 70.898219, 51.067093 ], [ 70.898587, 51.07608 ], [ 70.88432, 51.076311 ], [ 70.884686, 51.085299 ], [ 70.898955, 51.085068 ] ] ], [ [ [ 70.927494, 51.084601 ], [ 70.941763, 51.084364 ], [ 70.941386, 51.075377 ], [ 70.92712, 51.075613 ], [ 70.927494, 51.084601 ] ] ], [ [ [ 70.928241, 51.102575 ], [ 70.942516, 51.102339 ], [ 70.942893, 51.111326 ], [ 70.95717, 51.111088 ], [ 70.95755, 51.120075 ], [ 70.971829, 51.119835 ], [ 70.971447, 51.110848 ], [ 70.971064, 51.101861 ], [ 70.985338, 51.101619 ], [ 70.985723, 51.110606 ], [ 70.986109, 51.119593 ], [ 71.000388, 51.11935 ], [ 71.014667, 51.119104 ], [ 71.014276, 51.110118 ], [ 71.0, 51.110363 ], [ 70.999612, 51.101376 ], [ 71.013885, 51.101131 ], [ 71.013495, 51.092144 ], [ 70.999224, 51.092389 ], [ 70.984953, 51.092632 ], [ 70.970682, 51.092874 ], [ 70.956411, 51.093114 ], [ 70.956031, 51.084127 ], [ 70.941763, 51.084364 ], [ 70.942139, 51.093352 ], [ 70.927867, 51.093588 ], [ 70.928241, 51.102575 ] ] ], [ [ [ 70.913595, 51.093822 ], [ 70.927867, 51.093588 ], [ 70.927494, 51.084601 ], [ 70.913224, 51.084835 ], [ 70.913595, 51.093822 ] ] ], [ [ [ 71.02934, 51.127844 ], [ 71.028946, 51.118857 ], [ 71.014667, 51.119104 ], [ 71.015058, 51.128091 ], [ 71.02934, 51.127844 ] ] ], [ [ [ 71.030128, 51.145817 ], [ 71.029734, 51.136831 ], [ 71.015449, 51.137078 ], [ 71.015841, 51.146065 ], [ 71.030128, 51.145817 ] ] ], [ [ [ 71.01898, 51.217958 ], [ 71.018587, 51.208971 ], [ 71.00428, 51.209217 ], [ 71.004671, 51.218204 ], [ 71.005061, 51.22719 ], [ 71.005452, 51.236177 ], [ 71.019767, 51.235931 ], [ 71.034082, 51.235683 ], [ 71.033686, 51.226696 ], [ 71.03329, 51.21771 ], [ 71.01898, 51.217958 ] ] ], [ [ [ 71.005843, 51.245164 ], [ 71.005452, 51.236177 ], [ 70.991137, 51.236422 ], [ 70.990749, 51.227435 ], [ 70.976436, 51.227678 ], [ 70.976821, 51.236664 ], [ 70.962505, 51.236905 ], [ 70.962888, 51.245892 ], [ 70.977207, 51.245651 ], [ 70.991525, 51.245408 ], [ 70.991913, 51.254395 ], [ 71.006234, 51.25415 ], [ 71.005843, 51.245164 ] ] ], [ [ [ 70.919557, 51.237618 ], [ 70.919931, 51.246605 ], [ 70.920306, 51.255592 ], [ 70.934628, 51.255356 ], [ 70.93425, 51.246369 ], [ 70.933873, 51.237382 ], [ 70.919557, 51.237618 ] ] ], [ [ [ 70.992302, 51.263382 ], [ 70.992691, 51.272368 ], [ 70.978364, 51.272611 ], [ 70.977978, 51.263625 ], [ 70.977592, 51.254638 ], [ 70.963271, 51.254879 ], [ 70.963654, 51.263866 ], [ 70.964037, 51.272853 ], [ 70.94971, 51.273092 ], [ 70.950091, 51.282079 ], [ 70.93576, 51.282317 ], [ 70.92143, 51.282553 ], [ 70.921805, 51.29154 ], [ 70.907472, 51.291774 ], [ 70.9071, 51.282787 ], [ 70.906727, 51.2738 ], [ 70.8924, 51.274033 ], [ 70.892769, 51.28302 ], [ 70.893139, 51.292007 ], [ 70.893508, 51.300994 ], [ 70.907845, 51.300761 ], [ 70.922181, 51.300527 ], [ 70.936517, 51.300291 ], [ 70.936138, 51.291304 ], [ 70.950471, 51.291066 ], [ 70.950852, 51.300053 ], [ 70.965188, 51.299813 ], [ 70.964804, 51.290826 ], [ 70.979136, 51.290585 ], [ 70.97875, 51.281598 ], [ 70.99308, 51.281355 ], [ 71.007409, 51.28111 ], [ 71.007017, 51.272123 ], [ 71.021343, 51.271877 ], [ 71.03567, 51.271629 ], [ 71.035272, 51.262642 ], [ 71.034875, 51.253656 ], [ 71.034479, 51.244669 ], [ 71.020161, 51.244917 ], [ 71.020555, 51.253904 ], [ 71.006234, 51.25415 ], [ 71.006626, 51.263137 ], [ 70.992302, 51.263382 ] ] ], [ [ [ 70.905984, 51.255826 ], [ 70.905612, 51.246839 ], [ 70.891292, 51.247071 ], [ 70.891661, 51.256058 ], [ 70.905984, 51.255826 ] ] ], [ [ [ 71.022528, 51.298836 ], [ 71.036862, 51.298588 ], [ 71.036464, 51.289601 ], [ 71.022133, 51.28985 ], [ 71.022528, 51.298836 ] ] ], [ [ [ 70.936895, 51.309278 ], [ 70.937274, 51.318264 ], [ 70.951615, 51.318026 ], [ 70.965956, 51.317786 ], [ 70.965572, 51.3088 ], [ 70.951233, 51.309039 ], [ 70.950852, 51.300053 ], [ 70.936517, 51.300291 ], [ 70.936895, 51.309278 ] ] ], [ [ [ 70.995027, 51.326288 ], [ 70.994637, 51.317301 ], [ 70.980297, 51.317545 ], [ 70.965956, 51.317786 ], [ 70.96634, 51.326773 ], [ 70.966725, 51.33576 ], [ 70.981071, 51.335518 ], [ 70.980684, 51.326531 ], [ 70.995027, 51.326288 ] ] ], [ [ [ 70.95276, 51.344987 ], [ 70.952378, 51.336 ], [ 70.951996, 51.327013 ], [ 70.937652, 51.327251 ], [ 70.937274, 51.318264 ], [ 70.922932, 51.318501 ], [ 70.923308, 51.327488 ], [ 70.923684, 51.336475 ], [ 70.924061, 51.345462 ], [ 70.93841, 51.345225 ], [ 70.95276, 51.344987 ] ] ], [ [ [ 71.038057, 51.325547 ], [ 71.023714, 51.325795 ], [ 71.009371, 51.326043 ], [ 71.009764, 51.335029 ], [ 71.010157, 51.344015 ], [ 71.024506, 51.343768 ], [ 71.038854, 51.343519 ], [ 71.038455, 51.334533 ], [ 71.038057, 51.325547 ] ] ], [ [ [ 70.894619, 51.327956 ], [ 70.89499, 51.336943 ], [ 70.89536, 51.34593 ], [ 70.909711, 51.345697 ], [ 70.909337, 51.33671 ], [ 70.908964, 51.327723 ], [ 70.894619, 51.327956 ] ] ], [ [ [ 71.135718, 50.955068 ], [ 71.13613, 50.964054 ], [ 71.15036, 50.963793 ], [ 71.16459, 50.96353 ], [ 71.164172, 50.954544 ], [ 71.163755, 50.945558 ], [ 71.163338, 50.936572 ], [ 71.149116, 50.936834 ], [ 71.134894, 50.937095 ], [ 71.120672, 50.937355 ], [ 71.121081, 50.946341 ], [ 71.12149, 50.955327 ], [ 71.135718, 50.955068 ] ] ], [ [ [ 71.08001, 50.983055 ], [ 71.080412, 50.992042 ], [ 71.094651, 50.991787 ], [ 71.094246, 50.982801 ], [ 71.08001, 50.983055 ] ] ], [ [ [ 71.109298, 51.000517 ], [ 71.10889, 50.991531 ], [ 71.094651, 50.991787 ], [ 71.095056, 51.000774 ], [ 71.109298, 51.000517 ] ] ], [ [ [ 71.037693, 50.992795 ], [ 71.038087, 51.001782 ], [ 71.052329, 51.001532 ], [ 71.051933, 50.992546 ], [ 71.037693, 50.992795 ] ] ], [ [ [ 71.066971, 51.010268 ], [ 71.066572, 51.001281 ], [ 71.052329, 51.001532 ], [ 71.052726, 51.010519 ], [ 71.066971, 51.010268 ] ] ], [ [ [ 71.12436, 51.018232 ], [ 71.12395, 51.009246 ], [ 71.109705, 51.009504 ], [ 71.110113, 51.01849 ], [ 71.12436, 51.018232 ] ] ], [ [ [ 71.124771, 51.027218 ], [ 71.110522, 51.027476 ], [ 71.096271, 51.027733 ], [ 71.082021, 51.027988 ], [ 71.082424, 51.036974 ], [ 71.096677, 51.036719 ], [ 71.11093, 51.036463 ], [ 71.125182, 51.036204 ], [ 71.124771, 51.027218 ] ] ], [ [ [ 71.054713, 51.055452 ], [ 71.068972, 51.055201 ], [ 71.068571, 51.046214 ], [ 71.054315, 51.046466 ], [ 71.054713, 51.055452 ] ] ], [ [ [ 71.08323, 51.054947 ], [ 71.068972, 51.055201 ], [ 71.069373, 51.064187 ], [ 71.083634, 51.063934 ], [ 71.08323, 51.054947 ] ] ], [ [ [ 71.127241, 51.081135 ], [ 71.141507, 51.080875 ], [ 71.141092, 51.071889 ], [ 71.126829, 51.072149 ], [ 71.127241, 51.081135 ] ] ], [ [ [ 71.070978, 51.100133 ], [ 71.08525, 51.099879 ], [ 71.084846, 51.090893 ], [ 71.070576, 51.091147 ], [ 71.070978, 51.100133 ] ] ], [ [ [ 71.142754, 51.107833 ], [ 71.143169, 51.116819 ], [ 71.143585, 51.125805 ], [ 71.144002, 51.134791 ], [ 71.158284, 51.134528 ], [ 71.158703, 51.143514 ], [ 71.144418, 51.143777 ], [ 71.144835, 51.152763 ], [ 71.159123, 51.1525 ], [ 71.159542, 51.161486 ], [ 71.159962, 51.170472 ], [ 71.174256, 51.170207 ], [ 71.188549, 51.16994 ], [ 71.188974, 51.178926 ], [ 71.20327, 51.178657 ], [ 71.202842, 51.169672 ], [ 71.217134, 51.169402 ], [ 71.216703, 51.160416 ], [ 71.202414, 51.160686 ], [ 71.188123, 51.160955 ], [ 71.173833, 51.161221 ], [ 71.173411, 51.152235 ], [ 71.172988, 51.14325 ], [ 71.172566, 51.134264 ], [ 71.172145, 51.125278 ], [ 71.157865, 51.125542 ], [ 71.157446, 51.116556 ], [ 71.171723, 51.116292 ], [ 71.171302, 51.107306 ], [ 71.170881, 51.09832 ], [ 71.156609, 51.098585 ], [ 71.142338, 51.098847 ], [ 71.128066, 51.099108 ], [ 71.128479, 51.108094 ], [ 71.142754, 51.107833 ] ] ], [ [ [ 71.057503, 51.118358 ], [ 71.071781, 51.118106 ], [ 71.071379, 51.10912 ], [ 71.070978, 51.100133 ], [ 71.056705, 51.100385 ], [ 71.057104, 51.109372 ], [ 71.057503, 51.118358 ] ] ], [ [ [ 71.072183, 51.127093 ], [ 71.086464, 51.126839 ], [ 71.086059, 51.117852 ], [ 71.071781, 51.118106 ], [ 71.072183, 51.127093 ] ] ], [ [ [ 71.101969, 51.153541 ], [ 71.101561, 51.144555 ], [ 71.101153, 51.135569 ], [ 71.086869, 51.135825 ], [ 71.087275, 51.144811 ], [ 71.08768, 51.153797 ], [ 71.101969, 51.153541 ] ] ], [ [ [ 71.102787, 51.171514 ], [ 71.102378, 51.162528 ], [ 71.088086, 51.162784 ], [ 71.073794, 51.163038 ], [ 71.073391, 51.154052 ], [ 71.072988, 51.145065 ], [ 71.058702, 51.145318 ], [ 71.059102, 51.154304 ], [ 71.059502, 51.163291 ], [ 71.04521, 51.163542 ], [ 71.045607, 51.172528 ], [ 71.059903, 51.172277 ], [ 71.074197, 51.172024 ], [ 71.088492, 51.17177 ], [ 71.102787, 51.171514 ] ] ], [ [ [ 71.131375, 51.170996 ], [ 71.145669, 51.170735 ], [ 71.145252, 51.161749 ], [ 71.13096, 51.16201 ], [ 71.131375, 51.170996 ] ] ], [ [ [ 71.132619, 51.197954 ], [ 71.133034, 51.20694 ], [ 71.147339, 51.206678 ], [ 71.146921, 51.197693 ], [ 71.161223, 51.197429 ], [ 71.160803, 51.188443 ], [ 71.146503, 51.188707 ], [ 71.146086, 51.179721 ], [ 71.131789, 51.179982 ], [ 71.131375, 51.170996 ], [ 71.117081, 51.171256 ], [ 71.102787, 51.171514 ], [ 71.103196, 51.1805 ], [ 71.103605, 51.189486 ], [ 71.089305, 51.189743 ], [ 71.089711, 51.198729 ], [ 71.104014, 51.198472 ], [ 71.118317, 51.198214 ], [ 71.132619, 51.197954 ] ], [ [ 71.132204, 51.188968 ], [ 71.117904, 51.189228 ], [ 71.117493, 51.180242 ], [ 71.131789, 51.179982 ], [ 71.132204, 51.188968 ] ] ], [ [ [ 71.088898, 51.180756 ], [ 71.074601, 51.181011 ], [ 71.060303, 51.181264 ], [ 71.060704, 51.19025 ], [ 71.061105, 51.199236 ], [ 71.061506, 51.208223 ], [ 71.0472, 51.208474 ], [ 71.032894, 51.208723 ], [ 71.03329, 51.21771 ], [ 71.047599, 51.21746 ], [ 71.047998, 51.226447 ], [ 71.048397, 51.235433 ], [ 71.062711, 51.235182 ], [ 71.06231, 51.226195 ], [ 71.076621, 51.225942 ], [ 71.076217, 51.216956 ], [ 71.090525, 51.216701 ], [ 71.090118, 51.207715 ], [ 71.089711, 51.198729 ], [ 71.075408, 51.198983 ], [ 71.075004, 51.189997 ], [ 71.089305, 51.189743 ], [ 71.088898, 51.180756 ] ] ], [ [ [ 71.09134, 51.234673 ], [ 71.091748, 51.24366 ], [ 71.092155, 51.252646 ], [ 71.106475, 51.252389 ], [ 71.106064, 51.243403 ], [ 71.105654, 51.234417 ], [ 71.119967, 51.234158 ], [ 71.119554, 51.225172 ], [ 71.105244, 51.225431 ], [ 71.090932, 51.225687 ], [ 71.076621, 51.225942 ], [ 71.077026, 51.234928 ], [ 71.09134, 51.234673 ] ] ], [ [ [ 71.063114, 51.244168 ], [ 71.048796, 51.24442 ], [ 71.049196, 51.253406 ], [ 71.063516, 51.253154 ], [ 71.077836, 51.252901 ], [ 71.077431, 51.243915 ], [ 71.063114, 51.244168 ] ] ], [ [ [ 71.094198, 51.297576 ], [ 71.094607, 51.306562 ], [ 71.108943, 51.306305 ], [ 71.108531, 51.297319 ], [ 71.122865, 51.29706 ], [ 71.12245, 51.288074 ], [ 71.10812, 51.288333 ], [ 71.107708, 51.279347 ], [ 71.122036, 51.279088 ], [ 71.121622, 51.270102 ], [ 71.107297, 51.270361 ], [ 71.092972, 51.270618 ], [ 71.09338, 51.279604 ], [ 71.093789, 51.28859 ], [ 71.079458, 51.288845 ], [ 71.079864, 51.297832 ], [ 71.094198, 51.297576 ] ] ], [ [ [ 71.051196, 51.298337 ], [ 71.036862, 51.298588 ], [ 71.03726, 51.307574 ], [ 71.051597, 51.307324 ], [ 71.065934, 51.307072 ], [ 71.06553, 51.298085 ], [ 71.065127, 51.289099 ], [ 71.079458, 51.288845 ], [ 71.079052, 51.279859 ], [ 71.064724, 51.280113 ], [ 71.050396, 51.280365 ], [ 71.050796, 51.289351 ], [ 71.051196, 51.298337 ] ] ], [ [ [ 71.052801, 51.334282 ], [ 71.067146, 51.33403 ], [ 71.081491, 51.333776 ], [ 71.081084, 51.32479 ], [ 71.095426, 51.324534 ], [ 71.109768, 51.324276 ], [ 71.11018, 51.333262 ], [ 71.124525, 51.333003 ], [ 71.12494, 51.341989 ], [ 71.110593, 51.342248 ], [ 71.111006, 51.351234 ], [ 71.111419, 51.36022 ], [ 71.097066, 51.360478 ], [ 71.097477, 51.369464 ], [ 71.083121, 51.36972 ], [ 71.083529, 51.378706 ], [ 71.097888, 51.37845 ], [ 71.112247, 51.378192 ], [ 71.111833, 51.369206 ], [ 71.126188, 51.368946 ], [ 71.140544, 51.368685 ], [ 71.140125, 51.359699 ], [ 71.154477, 51.359436 ], [ 71.154056, 51.35045 ], [ 71.153634, 51.341465 ], [ 71.167981, 51.3412 ], [ 71.167557, 51.332214 ], [ 71.153213, 51.332479 ], [ 71.138869, 51.332742 ], [ 71.138451, 51.323756 ], [ 71.124109, 51.324017 ], [ 71.123694, 51.315031 ], [ 71.138033, 51.31477 ], [ 71.137615, 51.305785 ], [ 71.123279, 51.306046 ], [ 71.108943, 51.306305 ], [ 71.109355, 51.315291 ], [ 71.095016, 51.315548 ], [ 71.080677, 51.315804 ], [ 71.066338, 51.316058 ], [ 71.066742, 51.325044 ], [ 71.052399, 51.325296 ], [ 71.052801, 51.334282 ] ] ], [ [ [ 71.052399, 51.325296 ], [ 71.051998, 51.31631 ], [ 71.037658, 51.31656 ], [ 71.038057, 51.325547 ], [ 71.052399, 51.325296 ] ] ], [ [ [ 71.082713, 51.360734 ], [ 71.082306, 51.351748 ], [ 71.081898, 51.342762 ], [ 71.06755, 51.343016 ], [ 71.053202, 51.343269 ], [ 71.053604, 51.352255 ], [ 71.054006, 51.361241 ], [ 71.06836, 51.360988 ], [ 71.068765, 51.369974 ], [ 71.083121, 51.36972 ], [ 71.082713, 51.360734 ] ] ], [ [ [ 71.127022, 51.386917 ], [ 71.126605, 51.377932 ], [ 71.112247, 51.378192 ], [ 71.11266, 51.387177 ], [ 71.127022, 51.386917 ] ] ], [ [ [ 71.127438, 51.395903 ], [ 71.141802, 51.395641 ], [ 71.141383, 51.386656 ], [ 71.127022, 51.386917 ], [ 71.127438, 51.395903 ] ] ], [ [ [ 71.204302, 50.899829 ], [ 71.218512, 50.89956 ], [ 71.218085, 50.890574 ], [ 71.203877, 50.890843 ], [ 71.204302, 50.899829 ] ] ], [ [ [ 71.204726, 50.908815 ], [ 71.204302, 50.899829 ], [ 71.190092, 50.900097 ], [ 71.190514, 50.909083 ], [ 71.1763, 50.909349 ], [ 71.17672, 50.918335 ], [ 71.162504, 50.918599 ], [ 71.162087, 50.909613 ], [ 71.147874, 50.909876 ], [ 71.148287, 50.918862 ], [ 71.148701, 50.927848 ], [ 71.16292, 50.927585 ], [ 71.163338, 50.936572 ], [ 71.177559, 50.936307 ], [ 71.177979, 50.945293 ], [ 71.178399, 50.954279 ], [ 71.17882, 50.963265 ], [ 71.16459, 50.96353 ], [ 71.165008, 50.972516 ], [ 71.17924, 50.972251 ], [ 71.179661, 50.981238 ], [ 71.193896, 50.980971 ], [ 71.193473, 50.971985 ], [ 71.207705, 50.971717 ], [ 71.207278, 50.962731 ], [ 71.221508, 50.962461 ], [ 71.221079, 50.953475 ], [ 71.206853, 50.953745 ], [ 71.192626, 50.954013 ], [ 71.192203, 50.945027 ], [ 71.206427, 50.944759 ], [ 71.206001, 50.935773 ], [ 71.220222, 50.935504 ], [ 71.220651, 50.944489 ], [ 71.234874, 50.944218 ], [ 71.249097, 50.943945 ], [ 71.248663, 50.934959 ], [ 71.24823, 50.925973 ], [ 71.234012, 50.926246 ], [ 71.219794, 50.926518 ], [ 71.205576, 50.926787 ], [ 71.191358, 50.927055 ], [ 71.190936, 50.918069 ], [ 71.205151, 50.917801 ], [ 71.219367, 50.917532 ], [ 71.233582, 50.917261 ], [ 71.233152, 50.908275 ], [ 71.232722, 50.899289 ], [ 71.218512, 50.89956 ], [ 71.218939, 50.908546 ], [ 71.204726, 50.908815 ] ] ], [ [ [ 71.152022, 50.999738 ], [ 71.151606, 50.990752 ], [ 71.137368, 50.991013 ], [ 71.137781, 50.999999 ], [ 71.152022, 50.999738 ] ] ], [ [ [ 71.139021, 51.026958 ], [ 71.15327, 51.026696 ], [ 71.152854, 51.01771 ], [ 71.138607, 51.017972 ], [ 71.139021, 51.026958 ] ] ], [ [ [ 71.196867, 51.043872 ], [ 71.211121, 51.043603 ], [ 71.210693, 51.034617 ], [ 71.196442, 51.034886 ], [ 71.196867, 51.043872 ] ] ], [ [ [ 71.183881, 51.071097 ], [ 71.198144, 51.070829 ], [ 71.212406, 51.07056 ], [ 71.211978, 51.061575 ], [ 71.211549, 51.052589 ], [ 71.197293, 51.052858 ], [ 71.196867, 51.043872 ], [ 71.182613, 51.044139 ], [ 71.168359, 51.044405 ], [ 71.168778, 51.053391 ], [ 71.183036, 51.053125 ], [ 71.183458, 51.062111 ], [ 71.169198, 51.062377 ], [ 71.169619, 51.071363 ], [ 71.183881, 51.071097 ] ] ], [ [ [ 71.154521, 51.053654 ], [ 71.154104, 51.044668 ], [ 71.139849, 51.04493 ], [ 71.140263, 51.053917 ], [ 71.154521, 51.053654 ] ] ], [ [ [ 71.155356, 51.071627 ], [ 71.155773, 51.080613 ], [ 71.170039, 51.080348 ], [ 71.169619, 51.071363 ], [ 71.155356, 51.071627 ] ] ], [ [ [ 71.184728, 51.089069 ], [ 71.184305, 51.080083 ], [ 71.170039, 51.080348 ], [ 71.17046, 51.089334 ], [ 71.184728, 51.089069 ] ] ], [ [ [ 71.172145, 51.125278 ], [ 71.186424, 51.125012 ], [ 71.186, 51.116026 ], [ 71.171723, 51.116292 ], [ 71.172145, 51.125278 ] ] ], [ [ [ 71.187273, 51.142983 ], [ 71.201558, 51.142715 ], [ 71.20113, 51.133729 ], [ 71.186848, 51.133997 ], [ 71.187273, 51.142983 ] ] ], [ [ [ 71.201986, 51.151701 ], [ 71.216273, 51.151431 ], [ 71.215842, 51.142445 ], [ 71.201558, 51.142715 ], [ 71.201986, 51.151701 ] ] ], [ [ [ 71.216703, 51.160416 ], [ 71.230993, 51.160144 ], [ 71.231427, 51.16913 ], [ 71.245719, 51.168856 ], [ 71.260011, 51.168581 ], [ 71.274303, 51.168304 ], [ 71.274745, 51.177289 ], [ 71.28904, 51.17701 ], [ 71.289485, 51.185995 ], [ 71.303782, 51.185714 ], [ 71.303334, 51.176729 ], [ 71.302886, 51.167744 ], [ 71.288595, 51.168025 ], [ 71.28815, 51.15904 ], [ 71.287705, 51.150055 ], [ 71.301991, 51.149774 ], [ 71.316277, 51.149492 ], [ 71.315827, 51.140507 ], [ 71.301544, 51.140789 ], [ 71.287261, 51.14107 ], [ 71.272978, 51.141348 ], [ 71.258694, 51.141625 ], [ 71.258256, 51.13264 ], [ 71.243975, 51.132915 ], [ 71.24441, 51.1419 ], [ 71.244846, 51.150886 ], [ 71.23056, 51.151159 ], [ 71.216273, 51.151431 ], [ 71.216703, 51.160416 ] ] ], [ [ [ 71.146086, 51.179721 ], [ 71.160382, 51.179458 ], [ 71.159962, 51.170472 ], [ 71.145669, 51.170735 ], [ 71.146086, 51.179721 ] ] ], [ [ [ 71.190679, 51.214868 ], [ 71.204986, 51.2146 ], [ 71.204557, 51.205614 ], [ 71.204128, 51.196629 ], [ 71.218429, 51.196358 ], [ 71.217997, 51.187373 ], [ 71.203699, 51.187643 ], [ 71.1894, 51.187912 ], [ 71.189826, 51.196897 ], [ 71.175525, 51.197164 ], [ 71.161223, 51.197429 ], [ 71.161644, 51.206415 ], [ 71.175948, 51.20615 ], [ 71.190253, 51.205883 ], [ 71.190679, 51.214868 ] ] ], [ [ [ 71.218429, 51.196358 ], [ 71.21886, 51.205344 ], [ 71.219293, 51.214329 ], [ 71.233599, 51.214057 ], [ 71.247905, 51.213783 ], [ 71.247467, 51.204797 ], [ 71.233164, 51.205071 ], [ 71.232729, 51.196086 ], [ 71.218429, 51.196358 ] ] ], [ [ [ 71.147757, 51.215664 ], [ 71.162065, 51.215401 ], [ 71.161644, 51.206415 ], [ 71.147339, 51.206678 ], [ 71.147757, 51.215664 ] ] ], [ [ [ 71.205845, 51.232571 ], [ 71.205415, 51.223585 ], [ 71.191106, 51.223854 ], [ 71.191533, 51.23284 ], [ 71.205845, 51.232571 ] ] ], [ [ [ 71.164173, 51.260329 ], [ 71.149851, 51.260593 ], [ 71.13553, 51.260856 ], [ 71.135946, 51.269841 ], [ 71.136363, 51.278827 ], [ 71.13678, 51.287813 ], [ 71.15111, 51.287551 ], [ 71.16544, 51.287286 ], [ 71.165017, 51.278301 ], [ 71.179344, 51.278035 ], [ 71.193671, 51.277767 ], [ 71.193243, 51.268782 ], [ 71.192815, 51.259796 ], [ 71.207136, 51.259527 ], [ 71.207566, 51.268512 ], [ 71.22189, 51.268241 ], [ 71.222323, 51.277227 ], [ 71.222757, 51.286212 ], [ 71.237086, 51.285939 ], [ 71.251414, 51.285664 ], [ 71.265742, 51.285388 ], [ 71.2653, 51.276403 ], [ 71.264858, 51.267417 ], [ 71.250536, 51.267694 ], [ 71.236213, 51.267968 ], [ 71.235776, 51.258983 ], [ 71.221456, 51.259256 ], [ 71.221023, 51.250271 ], [ 71.235341, 51.249998 ], [ 71.234905, 51.241013 ], [ 71.22059, 51.241285 ], [ 71.206275, 51.241556 ], [ 71.19196, 51.241825 ], [ 71.192387, 51.250811 ], [ 71.178069, 51.251078 ], [ 71.163751, 51.251344 ], [ 71.164173, 51.260329 ] ], [ [ 71.178494, 51.260064 ], [ 71.178919, 51.269049 ], [ 71.164595, 51.269315 ], [ 71.164173, 51.260329 ], [ 71.178494, 51.260064 ] ] ], [ [ [ 71.211885, 51.358366 ], [ 71.226236, 51.358094 ], [ 71.2258, 51.349108 ], [ 71.211452, 51.34938 ], [ 71.211885, 51.358366 ] ] ], [ [ [ 71.212751, 51.376336 ], [ 71.212318, 51.367351 ], [ 71.197963, 51.367621 ], [ 71.198394, 51.376606 ], [ 71.212751, 51.376336 ] ] ], [ [ [ 71.228417, 51.403019 ], [ 71.227981, 51.394034 ], [ 71.213618, 51.394306 ], [ 71.214052, 51.403292 ], [ 71.228417, 51.403019 ] ] ], [ [ [ 71.170955, 51.404098 ], [ 71.185321, 51.403831 ], [ 71.184893, 51.394846 ], [ 71.170529, 51.395113 ], [ 71.170955, 51.404098 ] ] ], [ [ [ 71.157012, 51.413349 ], [ 71.156589, 51.404363 ], [ 71.156166, 51.395378 ], [ 71.141802, 51.395641 ], [ 71.142222, 51.404627 ], [ 71.142642, 51.413613 ], [ 71.157012, 51.413349 ] ] ], [ [ [ 71.274474, 50.880494 ], [ 71.288677, 50.880217 ], [ 71.288237, 50.871231 ], [ 71.274036, 50.871509 ], [ 71.274474, 50.880494 ] ] ], [ [ [ 71.30288, 50.879937 ], [ 71.288677, 50.880217 ], [ 71.289117, 50.889202 ], [ 71.303323, 50.888923 ], [ 71.30288, 50.879937 ] ] ], [ [ [ 71.262012, 50.916713 ], [ 71.276226, 50.916437 ], [ 71.29044, 50.916159 ], [ 71.304654, 50.915879 ], [ 71.305099, 50.924864 ], [ 71.290882, 50.925144 ], [ 71.276665, 50.925422 ], [ 71.262447, 50.925699 ], [ 71.262884, 50.934684 ], [ 71.277104, 50.934408 ], [ 71.291323, 50.934129 ], [ 71.291765, 50.943115 ], [ 71.277543, 50.943393 ], [ 71.26332, 50.94367 ], [ 71.263757, 50.952655 ], [ 71.249531, 50.95293 ], [ 71.249965, 50.961916 ], [ 71.250399, 50.970902 ], [ 71.250834, 50.979887 ], [ 71.265068, 50.979612 ], [ 71.264631, 50.970626 ], [ 71.278862, 50.97035 ], [ 71.278422, 50.961364 ], [ 71.29265, 50.961086 ], [ 71.306877, 50.960805 ], [ 71.306432, 50.95182 ], [ 71.305988, 50.942835 ], [ 71.32021, 50.942553 ], [ 71.319762, 50.933568 ], [ 71.333981, 50.933284 ], [ 71.3482, 50.932999 ], [ 71.347748, 50.924014 ], [ 71.333532, 50.924299 ], [ 71.333082, 50.915314 ], [ 71.347295, 50.915029 ], [ 71.346843, 50.906044 ], [ 71.332632, 50.906329 ], [ 71.318422, 50.906612 ], [ 71.30421, 50.906893 ], [ 71.303767, 50.897908 ], [ 71.289558, 50.898188 ], [ 71.289117, 50.889202 ], [ 71.274911, 50.88948 ], [ 71.260705, 50.889756 ], [ 71.246498, 50.890031 ], [ 71.246931, 50.899016 ], [ 71.247364, 50.908002 ], [ 71.261576, 50.907727 ], [ 71.262012, 50.916713 ] ], [ [ 71.26114, 50.898742 ], [ 71.275349, 50.898466 ], [ 71.275788, 50.907451 ], [ 71.261576, 50.907727 ], [ 71.26114, 50.898742 ] ] ], [ [ [ 71.24823, 50.925973 ], [ 71.262447, 50.925699 ], [ 71.262012, 50.916713 ], [ 71.247797, 50.916988 ], [ 71.24823, 50.925973 ] ] ], [ [ [ 71.251269, 50.988873 ], [ 71.250834, 50.979887 ], [ 71.2366, 50.980161 ], [ 71.237032, 50.989146 ], [ 71.237464, 50.998132 ], [ 71.237897, 51.007118 ], [ 71.252139, 51.006844 ], [ 71.251704, 50.997858 ], [ 71.265943, 50.997583 ], [ 71.265505, 50.988597 ], [ 71.251269, 50.988873 ] ] ], [ [ [ 71.295308, 51.014997 ], [ 71.294865, 51.006012 ], [ 71.309106, 51.005731 ], [ 71.323347, 51.005449 ], [ 71.322898, 50.996464 ], [ 71.32245, 50.987479 ], [ 71.308214, 50.987761 ], [ 71.30866, 50.996746 ], [ 71.294421, 50.997027 ], [ 71.280182, 50.997306 ], [ 71.280623, 51.006291 ], [ 71.266381, 51.006568 ], [ 71.252139, 51.006844 ], [ 71.252574, 51.015829 ], [ 71.266819, 51.015554 ], [ 71.281064, 51.015276 ], [ 71.281505, 51.024262 ], [ 71.295752, 51.023983 ], [ 71.295308, 51.014997 ] ] ], [ [ [ 71.238762, 51.025089 ], [ 71.239195, 51.034074 ], [ 71.253446, 51.0338 ], [ 71.267696, 51.033525 ], [ 71.267258, 51.024539 ], [ 71.25301, 51.024815 ], [ 71.252574, 51.015829 ], [ 71.238329, 51.016103 ], [ 71.238762, 51.025089 ] ] ], [ [ [ 71.255629, 51.078728 ], [ 71.269893, 51.078451 ], [ 71.270333, 51.087437 ], [ 71.256066, 51.087713 ], [ 71.256503, 51.096698 ], [ 71.256941, 51.105684 ], [ 71.271214, 51.105407 ], [ 71.285486, 51.105129 ], [ 71.285043, 51.096144 ], [ 71.299312, 51.095864 ], [ 71.298866, 51.086879 ], [ 71.2846, 51.087159 ], [ 71.284157, 51.078173 ], [ 71.298421, 51.077894 ], [ 71.312684, 51.077612 ], [ 71.312236, 51.068627 ], [ 71.326497, 51.068344 ], [ 71.326046, 51.059359 ], [ 71.311788, 51.059642 ], [ 71.29753, 51.059923 ], [ 71.297975, 51.068909 ], [ 71.283714, 51.069188 ], [ 71.283272, 51.060203 ], [ 71.28283, 51.051218 ], [ 71.282388, 51.042232 ], [ 71.281947, 51.033247 ], [ 71.267696, 51.033525 ], [ 71.268135, 51.04251 ], [ 71.268574, 51.051495 ], [ 71.269014, 51.060481 ], [ 71.269453, 51.069466 ], [ 71.255192, 51.069742 ], [ 71.255629, 51.078728 ] ] ], [ [ [ 71.240062, 51.052046 ], [ 71.254318, 51.051771 ], [ 71.253882, 51.042786 ], [ 71.239629, 51.04306 ], [ 71.240062, 51.052046 ] ] ], [ [ [ 71.240496, 51.061031 ], [ 71.240062, 51.052046 ], [ 71.225806, 51.052318 ], [ 71.226237, 51.061304 ], [ 71.240496, 51.061031 ] ] ], [ [ [ 71.300204, 51.113834 ], [ 71.314479, 51.113552 ], [ 71.31403, 51.104567 ], [ 71.328301, 51.104284 ], [ 71.32785, 51.095299 ], [ 71.313581, 51.095582 ], [ 71.299312, 51.095864 ], [ 71.299758, 51.104849 ], [ 71.285486, 51.105129 ], [ 71.285929, 51.114114 ], [ 71.300204, 51.113834 ] ] ], [ [ [ 71.242668, 51.105959 ], [ 71.243104, 51.114944 ], [ 71.257379, 51.114669 ], [ 71.256941, 51.105684 ], [ 71.242668, 51.105959 ] ] ], [ [ [ 71.271654, 51.114393 ], [ 71.257379, 51.114669 ], [ 71.257817, 51.123654 ], [ 71.258256, 51.13264 ], [ 71.272536, 51.132363 ], [ 71.286817, 51.132085 ], [ 71.286373, 51.123099 ], [ 71.272095, 51.123378 ], [ 71.271654, 51.114393 ] ] ], [ [ [ 71.246593, 51.186827 ], [ 71.26089, 51.186551 ], [ 71.260451, 51.177566 ], [ 71.246156, 51.177842 ], [ 71.246593, 51.186827 ] ] ], [ [ [ 71.291268, 51.221935 ], [ 71.291715, 51.23092 ], [ 71.306026, 51.230639 ], [ 71.320336, 51.230356 ], [ 71.319884, 51.221371 ], [ 71.319432, 51.212386 ], [ 71.305127, 51.212669 ], [ 71.290822, 51.21295 ], [ 71.290376, 51.203965 ], [ 71.289931, 51.19498 ], [ 71.289485, 51.185995 ], [ 71.275188, 51.186274 ], [ 71.275631, 51.195259 ], [ 71.276074, 51.204244 ], [ 71.261771, 51.204522 ], [ 71.262211, 51.213507 ], [ 71.262652, 51.222492 ], [ 71.263092, 51.231477 ], [ 71.277404, 51.231199 ], [ 71.27696, 51.222214 ], [ 71.291268, 51.221935 ] ] ], [ [ [ 71.232295, 51.187101 ], [ 71.232729, 51.196086 ], [ 71.24703, 51.195812 ], [ 71.246593, 51.186827 ], [ 71.232295, 51.187101 ] ] ], [ [ [ 71.261771, 51.204522 ], [ 71.26133, 51.195537 ], [ 71.24703, 51.195812 ], [ 71.247467, 51.204797 ], [ 71.261771, 51.204522 ] ] ], [ [ [ 71.277848, 51.240184 ], [ 71.292161, 51.239905 ], [ 71.291715, 51.23092 ], [ 71.277404, 51.231199 ], [ 71.277848, 51.240184 ] ] ], [ [ [ 71.292161, 51.239905 ], [ 71.292608, 51.24889 ], [ 71.293055, 51.257875 ], [ 71.293503, 51.26686 ], [ 71.307825, 51.266578 ], [ 71.308275, 51.275563 ], [ 71.29395, 51.275844 ], [ 71.294398, 51.284829 ], [ 71.308726, 51.284548 ], [ 71.323053, 51.284264 ], [ 71.3226, 51.275279 ], [ 71.322146, 51.266295 ], [ 71.321694, 51.25731 ], [ 71.307375, 51.257593 ], [ 71.306925, 51.248608 ], [ 71.306475, 51.239624 ], [ 71.292161, 51.239905 ] ] ], [ [ [ 71.251854, 51.294649 ], [ 71.252294, 51.303634 ], [ 71.266628, 51.303358 ], [ 71.280961, 51.303079 ], [ 71.280516, 51.294094 ], [ 71.266185, 51.294373 ], [ 71.251854, 51.294649 ] ] ], [ [ [ 71.282299, 51.330034 ], [ 71.281853, 51.321049 ], [ 71.267514, 51.321328 ], [ 71.267957, 51.330312 ], [ 71.282299, 51.330034 ] ] ], [ [ [ 71.239272, 51.330865 ], [ 71.253615, 51.330589 ], [ 71.253174, 51.321604 ], [ 71.238835, 51.321879 ], [ 71.239272, 51.330865 ] ] ], [ [ [ 71.299339, 51.383662 ], [ 71.298889, 51.374677 ], [ 71.313244, 51.374394 ], [ 71.312791, 51.36541 ], [ 71.298439, 51.365692 ], [ 71.284086, 51.365973 ], [ 71.284533, 51.374958 ], [ 71.284981, 51.383943 ], [ 71.299339, 51.383662 ] ] ], [ [ [ 71.272403, 51.420161 ], [ 71.271957, 51.411176 ], [ 71.271512, 51.402191 ], [ 71.271067, 51.393207 ], [ 71.256705, 51.393484 ], [ 71.257147, 51.402469 ], [ 71.25759, 51.411454 ], [ 71.258033, 51.420439 ], [ 71.272403, 51.420161 ] ] ], [ [ [ 71.40461, 50.922856 ], [ 71.404146, 50.913872 ], [ 71.418359, 50.913578 ], [ 71.432571, 50.913282 ], [ 71.432102, 50.904298 ], [ 71.431634, 50.895313 ], [ 71.417427, 50.895609 ], [ 71.403221, 50.895902 ], [ 71.389014, 50.896194 ], [ 71.389474, 50.905179 ], [ 71.375264, 50.905469 ], [ 71.375721, 50.914454 ], [ 71.389934, 50.914163 ], [ 71.390395, 50.923148 ], [ 71.40461, 50.922856 ] ] ], [ [ [ 71.361964, 50.923727 ], [ 71.362419, 50.932712 ], [ 71.376637, 50.932423 ], [ 71.390855, 50.932133 ], [ 71.390395, 50.923148 ], [ 71.376179, 50.923439 ], [ 71.361964, 50.923727 ] ] ], [ [ [ 71.390855, 50.932133 ], [ 71.391316, 50.941118 ], [ 71.405537, 50.940826 ], [ 71.405073, 50.931841 ], [ 71.390855, 50.932133 ] ] ], [ [ [ 71.391778, 50.950103 ], [ 71.392239, 50.959087 ], [ 71.406465, 50.958795 ], [ 71.420691, 50.958501 ], [ 71.420224, 50.949516 ], [ 71.419757, 50.940532 ], [ 71.405537, 50.940826 ], [ 71.406001, 50.94981 ], [ 71.391778, 50.950103 ] ] ], [ [ [ 71.408325, 50.994733 ], [ 71.422561, 50.994439 ], [ 71.42303, 51.003423 ], [ 71.423498, 51.012408 ], [ 71.423967, 51.021392 ], [ 71.424436, 51.030376 ], [ 71.438683, 51.03008 ], [ 71.452931, 51.029781 ], [ 71.467178, 51.029481 ], [ 71.467655, 51.038465 ], [ 71.468133, 51.04745 ], [ 71.46861, 51.056434 ], [ 71.482866, 51.056132 ], [ 71.482385, 51.047148 ], [ 71.481905, 51.038164 ], [ 71.496154, 51.03786 ], [ 71.495671, 51.028876 ], [ 71.481424, 51.02918 ], [ 71.480945, 51.020196 ], [ 71.4667, 51.020497 ], [ 71.452456, 51.020797 ], [ 71.451982, 51.011813 ], [ 71.43774, 51.012111 ], [ 71.437269, 51.003127 ], [ 71.451508, 51.002829 ], [ 71.465747, 51.002529 ], [ 71.479986, 51.002227 ], [ 71.479506, 50.993243 ], [ 71.465271, 50.993545 ], [ 71.451034, 50.993845 ], [ 71.436798, 50.994142 ], [ 71.436327, 50.985158 ], [ 71.435857, 50.976174 ], [ 71.435387, 50.967189 ], [ 71.434917, 50.958205 ], [ 71.420691, 50.958501 ], [ 71.421158, 50.967485 ], [ 71.40693, 50.967779 ], [ 71.407394, 50.976764 ], [ 71.407859, 50.985749 ], [ 71.393625, 50.986041 ], [ 71.394087, 50.995026 ], [ 71.408325, 50.994733 ] ] ], [ [ [ 71.395013, 51.012995 ], [ 71.409256, 51.012702 ], [ 71.40879, 51.003718 ], [ 71.39455, 51.004011 ], [ 71.395013, 51.012995 ] ] ], [ [ [ 71.366985, 51.022561 ], [ 71.381231, 51.022271 ], [ 71.38077, 51.013286 ], [ 71.366527, 51.013576 ], [ 71.366985, 51.022561 ] ] ], [ [ [ 71.309999, 51.023702 ], [ 71.324246, 51.023419 ], [ 71.323797, 51.014434 ], [ 71.309553, 51.014717 ], [ 71.309999, 51.023702 ] ] ], [ [ [ 71.39594, 51.030964 ], [ 71.395476, 51.02198 ], [ 71.381231, 51.022271 ], [ 71.381691, 51.031256 ], [ 71.39594, 51.030964 ] ] ], [ [ [ 71.353194, 51.031833 ], [ 71.352739, 51.022849 ], [ 71.338493, 51.023135 ], [ 71.338945, 51.03212 ], [ 71.353194, 51.031833 ] ] ], [ [ [ 71.383536, 51.067194 ], [ 71.383998, 51.076179 ], [ 71.39826, 51.075887 ], [ 71.397796, 51.066903 ], [ 71.397331, 51.057918 ], [ 71.396867, 51.048934 ], [ 71.411121, 51.04864 ], [ 71.410654, 51.039656 ], [ 71.396403, 51.039949 ], [ 71.382152, 51.040241 ], [ 71.367901, 51.04053 ], [ 71.367443, 51.031546 ], [ 71.353194, 51.031833 ], [ 71.353649, 51.040818 ], [ 71.354105, 51.049803 ], [ 71.368359, 51.049515 ], [ 71.368818, 51.0585 ], [ 71.369277, 51.067484 ], [ 71.383536, 51.067194 ] ] ], [ [ [ 71.310893, 51.041672 ], [ 71.325146, 51.041389 ], [ 71.324696, 51.032404 ], [ 71.310446, 51.032687 ], [ 71.310893, 51.041672 ] ] ], [ [ [ 71.34121, 51.077044 ], [ 71.355473, 51.076758 ], [ 71.369736, 51.076469 ], [ 71.369277, 51.067484 ], [ 71.355017, 51.067773 ], [ 71.354561, 51.058788 ], [ 71.340304, 51.059074 ], [ 71.340757, 51.068059 ], [ 71.326497, 51.068344 ], [ 71.326947, 51.077329 ], [ 71.327398, 51.086314 ], [ 71.341664, 51.086029 ], [ 71.34121, 51.077044 ] ] ], [ [ [ 71.38446, 51.085164 ], [ 71.383998, 51.076179 ], [ 71.369736, 51.076469 ], [ 71.370195, 51.085454 ], [ 71.38446, 51.085164 ] ] ], [ [ [ 71.38446, 51.085164 ], [ 71.384922, 51.094148 ], [ 71.39919, 51.093856 ], [ 71.413457, 51.093562 ], [ 71.41299, 51.084578 ], [ 71.398725, 51.084872 ], [ 71.38446, 51.085164 ] ] ], [ [ [ 71.356844, 51.103712 ], [ 71.371114, 51.103423 ], [ 71.370655, 51.094439 ], [ 71.370195, 51.085454 ], [ 71.35593, 51.085742 ], [ 71.341664, 51.086029 ], [ 71.342118, 51.095014 ], [ 71.342572, 51.103999 ], [ 71.343027, 51.112984 ], [ 71.343482, 51.121968 ], [ 71.357758, 51.121681 ], [ 71.357301, 51.112697 ], [ 71.356844, 51.103712 ] ] ], [ [ [ 71.315827, 51.140507 ], [ 71.330109, 51.140223 ], [ 71.329657, 51.131239 ], [ 71.315377, 51.131522 ], [ 71.315827, 51.140507 ] ] ], [ [ [ 71.330562, 51.149208 ], [ 71.344847, 51.148923 ], [ 71.344392, 51.139938 ], [ 71.330109, 51.140223 ], [ 71.330562, 51.149208 ] ] ], [ [ [ 71.416739, 51.156453 ], [ 71.416269, 51.147468 ], [ 71.401985, 51.147763 ], [ 71.402452, 51.156747 ], [ 71.416739, 51.156453 ] ] ], [ [ [ 71.330562, 51.149208 ], [ 71.316277, 51.149492 ], [ 71.316727, 51.158477 ], [ 71.302438, 51.158759 ], [ 71.302886, 51.167744 ], [ 71.317177, 51.167462 ], [ 71.317628, 51.176447 ], [ 71.331921, 51.176163 ], [ 71.331468, 51.167178 ], [ 71.331015, 51.158193 ], [ 71.330562, 51.149208 ] ] ], [ [ [ 71.360049, 51.166604 ], [ 71.374339, 51.166315 ], [ 71.373878, 51.157331 ], [ 71.359591, 51.15762 ], [ 71.360049, 51.166604 ] ] ], [ [ [ 71.375725, 51.193269 ], [ 71.361427, 51.193558 ], [ 71.361886, 51.202543 ], [ 71.376188, 51.202253 ], [ 71.375725, 51.193269 ] ] ], [ [ [ 71.361886, 51.202543 ], [ 71.347585, 51.202831 ], [ 71.333283, 51.203117 ], [ 71.333737, 51.212102 ], [ 71.334192, 51.221086 ], [ 71.348499, 51.2208 ], [ 71.362806, 51.220512 ], [ 71.362346, 51.211527 ], [ 71.361886, 51.202543 ] ] ], [ [ [ 71.392352, 51.237899 ], [ 71.37804, 51.238191 ], [ 71.363727, 51.238481 ], [ 71.364188, 51.247465 ], [ 71.364649, 51.25645 ], [ 71.378967, 51.256159 ], [ 71.379431, 51.265144 ], [ 71.393752, 51.264852 ], [ 71.393285, 51.255867 ], [ 71.392818, 51.246883 ], [ 71.407133, 51.24659 ], [ 71.421447, 51.246294 ], [ 71.421919, 51.255278 ], [ 71.436236, 51.254981 ], [ 71.435762, 51.245997 ], [ 71.450076, 51.245698 ], [ 71.449598, 51.236714 ], [ 71.463909, 51.236414 ], [ 71.463429, 51.22743 ], [ 71.477737, 51.227128 ], [ 71.492045, 51.226824 ], [ 71.506352, 51.226518 ], [ 71.50684, 51.235502 ], [ 71.52115, 51.235194 ], [ 71.521642, 51.244177 ], [ 71.535954, 51.243868 ], [ 71.536449, 51.252851 ], [ 71.536943, 51.261835 ], [ 71.551261, 51.261523 ], [ 71.551759, 51.270506 ], [ 71.552257, 51.27949 ], [ 71.56658, 51.279176 ], [ 71.580903, 51.278861 ], [ 71.580399, 51.269878 ], [ 71.579896, 51.260895 ], [ 71.565579, 51.26121 ], [ 71.565079, 51.252227 ], [ 71.564579, 51.243244 ], [ 71.564079, 51.234261 ], [ 71.578388, 51.233946 ], [ 71.57889, 51.242929 ], [ 71.579393, 51.251912 ], [ 71.593707, 51.251596 ], [ 71.608021, 51.251278 ], [ 71.60853, 51.26026 ], [ 71.622846, 51.25994 ], [ 71.622335, 51.250958 ], [ 71.621824, 51.241975 ], [ 71.636135, 51.241653 ], [ 71.650445, 51.24133 ], [ 71.649929, 51.232347 ], [ 71.664236, 51.232022 ], [ 71.663717, 51.22304 ], [ 71.663198, 51.214058 ], [ 71.648896, 51.214382 ], [ 71.648381, 51.2054 ], [ 71.647865, 51.196417 ], [ 71.633569, 51.19674 ], [ 71.619272, 51.197061 ], [ 71.618763, 51.188078 ], [ 71.604468, 51.188398 ], [ 71.603962, 51.179415 ], [ 71.603455, 51.170432 ], [ 71.617744, 51.170113 ], [ 71.617235, 51.16113 ], [ 71.616727, 51.152147 ], [ 71.63101, 51.151826 ], [ 71.631521, 51.160809 ], [ 71.632033, 51.169792 ], [ 71.632545, 51.178775 ], [ 71.633057, 51.187757 ], [ 71.64735, 51.187435 ], [ 71.661644, 51.18711 ], [ 71.675937, 51.186784 ], [ 71.676458, 51.195766 ], [ 71.690753, 51.195438 ], [ 71.705049, 51.195108 ], [ 71.719344, 51.194777 ], [ 71.718815, 51.185795 ], [ 71.718286, 51.176813 ], [ 71.732576, 51.176479 ], [ 71.733107, 51.185461 ], [ 71.747399, 51.185126 ], [ 71.746865, 51.176145 ], [ 71.746331, 51.167163 ], [ 71.745797, 51.158181 ], [ 71.745264, 51.149199 ], [ 71.730983, 51.149533 ], [ 71.731514, 51.158515 ], [ 71.732045, 51.167497 ], [ 71.717758, 51.16783 ], [ 71.703471, 51.168162 ], [ 71.703997, 51.177144 ], [ 71.704523, 51.186126 ], [ 71.69023, 51.186456 ], [ 71.689707, 51.177474 ], [ 71.689184, 51.168491 ], [ 71.674897, 51.168819 ], [ 71.675417, 51.177801 ], [ 71.661126, 51.178128 ], [ 71.646835, 51.178452 ], [ 71.646321, 51.169469 ], [ 71.660609, 51.169145 ], [ 71.660092, 51.160163 ], [ 71.674377, 51.159837 ], [ 71.688661, 51.159509 ], [ 71.688139, 51.150527 ], [ 71.673857, 51.150854 ], [ 71.673338, 51.141872 ], [ 71.659058, 51.142197 ], [ 71.658542, 51.133215 ], [ 71.644265, 51.133539 ], [ 71.629988, 51.133861 ], [ 71.630499, 51.142844 ], [ 71.616219, 51.143164 ], [ 71.601938, 51.143483 ], [ 71.601433, 51.1345 ], [ 71.587155, 51.134817 ], [ 71.572877, 51.135132 ], [ 71.573377, 51.144115 ], [ 71.587658, 51.1438 ], [ 71.58816, 51.152783 ], [ 71.573877, 51.153098 ], [ 71.559593, 51.153412 ], [ 71.559095, 51.144429 ], [ 71.558598, 51.135445 ], [ 71.54432, 51.135757 ], [ 71.544814, 51.144741 ], [ 71.545308, 51.153724 ], [ 71.531024, 51.154034 ], [ 71.530532, 51.145051 ], [ 71.530041, 51.136067 ], [ 71.515762, 51.136375 ], [ 71.515273, 51.127392 ], [ 71.500996, 51.127698 ], [ 71.501482, 51.136682 ], [ 71.487202, 51.136986 ], [ 71.487685, 51.14597 ], [ 71.488169, 51.154954 ], [ 71.488652, 51.163938 ], [ 71.474364, 51.164241 ], [ 71.474845, 51.173225 ], [ 71.460554, 51.173527 ], [ 71.446262, 51.173826 ], [ 71.446738, 51.18281 ], [ 71.461033, 51.18251 ], [ 71.475327, 51.182209 ], [ 71.475808, 51.191193 ], [ 71.47629, 51.200176 ], [ 71.46199, 51.200478 ], [ 71.46247, 51.209462 ], [ 71.448167, 51.209762 ], [ 71.44769, 51.200778 ], [ 71.43339, 51.201077 ], [ 71.433864, 51.210061 ], [ 71.419561, 51.210358 ], [ 71.420032, 51.219342 ], [ 71.405726, 51.219637 ], [ 71.406195, 51.228621 ], [ 71.406664, 51.237605 ], [ 71.392352, 51.237899 ] ], [ [ 71.520659, 51.226211 ], [ 71.534966, 51.225901 ], [ 71.53546, 51.234885 ], [ 71.52115, 51.235194 ], [ 71.520659, 51.226211 ] ], [ [ 71.534472, 51.216918 ], [ 71.533979, 51.207935 ], [ 71.533486, 51.198951 ], [ 71.547784, 51.198641 ], [ 71.54828, 51.207624 ], [ 71.548776, 51.216607 ], [ 71.549273, 51.22559 ], [ 71.534966, 51.225901 ], [ 71.534472, 51.216918 ] ], [ [ 71.649412, 51.223365 ], [ 71.635108, 51.223688 ], [ 71.635621, 51.232671 ], [ 71.621313, 51.232992 ], [ 71.620802, 51.22401 ], [ 71.606497, 51.224329 ], [ 71.605989, 51.215346 ], [ 71.605482, 51.206363 ], [ 71.619782, 51.206044 ], [ 71.620292, 51.215027 ], [ 71.634594, 51.214705 ], [ 71.648896, 51.214382 ], [ 71.649412, 51.223365 ] ], [ [ 71.589166, 51.170749 ], [ 71.588663, 51.161766 ], [ 71.602949, 51.161449 ], [ 71.603455, 51.170432 ], [ 71.589166, 51.170749 ] ], [ [ 71.50294, 51.163633 ], [ 71.503427, 51.172616 ], [ 71.489136, 51.172922 ], [ 71.488652, 51.163938 ], [ 71.50294, 51.163633 ] ], [ [ 71.504888, 51.199567 ], [ 71.504401, 51.190584 ], [ 71.518697, 51.190277 ], [ 71.519187, 51.19926 ], [ 71.504888, 51.199567 ] ], [ [ 71.502454, 51.154649 ], [ 71.501968, 51.145665 ], [ 71.51625, 51.145359 ], [ 71.516739, 51.154342 ], [ 71.502454, 51.154649 ] ], [ [ 71.590174, 51.188715 ], [ 71.590678, 51.197698 ], [ 71.57638, 51.198014 ], [ 71.575879, 51.189031 ], [ 71.590174, 51.188715 ] ], [ [ 71.561584, 51.189345 ], [ 71.547289, 51.189657 ], [ 71.546793, 51.180674 ], [ 71.546298, 51.171691 ], [ 71.560588, 51.171379 ], [ 71.574877, 51.171065 ], [ 71.575378, 51.180048 ], [ 71.575879, 51.189031 ], [ 71.561584, 51.189345 ] ] ], [ [ [ 71.350331, 51.256738 ], [ 71.349872, 51.247754 ], [ 71.335557, 51.24804 ], [ 71.336012, 51.257025 ], [ 71.350331, 51.256738 ] ] ], [ [ [ 71.365572, 51.274419 ], [ 71.366033, 51.283403 ], [ 71.38036, 51.283112 ], [ 71.394686, 51.28282 ], [ 71.394219, 51.273836 ], [ 71.379895, 51.274128 ], [ 71.365572, 51.274419 ] ] ], [ [ [ 71.351707, 51.283692 ], [ 71.351248, 51.274707 ], [ 71.336924, 51.274994 ], [ 71.33738, 51.283979 ], [ 71.351707, 51.283692 ] ] ], [ [ [ 71.395621, 51.300789 ], [ 71.409953, 51.300494 ], [ 71.409482, 51.29151 ], [ 71.395154, 51.291804 ], [ 71.395621, 51.300789 ] ] ], [ [ [ 71.294846, 51.293814 ], [ 71.295294, 51.302799 ], [ 71.295743, 51.311784 ], [ 71.310079, 51.311502 ], [ 71.309628, 51.302517 ], [ 71.309176, 51.293532 ], [ 71.294846, 51.293814 ] ] ], [ [ [ 71.366958, 51.301372 ], [ 71.36742, 51.310356 ], [ 71.367883, 51.31934 ], [ 71.38222, 51.319049 ], [ 71.381755, 51.310065 ], [ 71.38129, 51.301081 ], [ 71.366958, 51.301372 ] ] ], [ [ [ 71.33875, 51.310932 ], [ 71.324415, 51.311218 ], [ 71.324869, 51.320203 ], [ 71.339207, 51.319917 ], [ 71.33875, 51.310932 ] ] ], [ [ [ 71.325323, 51.329187 ], [ 71.324869, 51.320203 ], [ 71.31053, 51.320486 ], [ 71.310982, 51.329471 ], [ 71.325323, 51.329187 ] ] ], [ [ [ 71.369272, 51.346293 ], [ 71.354926, 51.346583 ], [ 71.355387, 51.355567 ], [ 71.369736, 51.355278 ], [ 71.384085, 51.354986 ], [ 71.383618, 51.346002 ], [ 71.369272, 51.346293 ] ] ], [ [ [ 71.297989, 51.356708 ], [ 71.312339, 51.356425 ], [ 71.311886, 51.34744 ], [ 71.297539, 51.347723 ], [ 71.297989, 51.356708 ] ] ], [ [ [ 71.384551, 51.36397 ], [ 71.398903, 51.363677 ], [ 71.398433, 51.354693 ], [ 71.384085, 51.354986 ], [ 71.384551, 51.36397 ] ] ], [ [ [ 71.341955, 51.373824 ], [ 71.342413, 51.382808 ], [ 71.342872, 51.391792 ], [ 71.357233, 51.391504 ], [ 71.356771, 51.38252 ], [ 71.35631, 51.373536 ], [ 71.341955, 51.373824 ] ] ], [ [ [ 71.329425, 51.410048 ], [ 71.343791, 51.409761 ], [ 71.343332, 51.400777 ], [ 71.328968, 51.401063 ], [ 71.329425, 51.410048 ] ] ], [ [ [ 71.315513, 51.419317 ], [ 71.329882, 51.419032 ], [ 71.329425, 51.410048 ], [ 71.315058, 51.410332 ], [ 71.315513, 51.419317 ] ] ], [ [ [ 71.476637, 50.939339 ], [ 71.476159, 50.930354 ], [ 71.475682, 50.92137 ], [ 71.461468, 50.921671 ], [ 71.447254, 50.92197 ], [ 71.447726, 50.930954 ], [ 71.461943, 50.930655 ], [ 71.462417, 50.939639 ], [ 71.462892, 50.948624 ], [ 71.477114, 50.948323 ], [ 71.476637, 50.939339 ] ] ], [ [ [ 71.419757, 50.940532 ], [ 71.433978, 50.940236 ], [ 71.433508, 50.931251 ], [ 71.433039, 50.922267 ], [ 71.418825, 50.922562 ], [ 71.419291, 50.931547 ], [ 71.419757, 50.940532 ] ] ], [ [ [ 71.463843, 50.966592 ], [ 71.463367, 50.957608 ], [ 71.462892, 50.948624 ], [ 71.44867, 50.948923 ], [ 71.449142, 50.957907 ], [ 71.449615, 50.966892 ], [ 71.463843, 50.966592 ] ] ], [ [ [ 71.492298, 50.965988 ], [ 71.491817, 50.957004 ], [ 71.477592, 50.957307 ], [ 71.47807, 50.966291 ], [ 71.463843, 50.966592 ], [ 71.464318, 50.975576 ], [ 71.478549, 50.975275 ], [ 71.492779, 50.974972 ], [ 71.492298, 50.965988 ] ] ], [ [ [ 71.495671, 51.028876 ], [ 71.509917, 51.028571 ], [ 71.524164, 51.028264 ], [ 71.538409, 51.027955 ], [ 71.552655, 51.027644 ], [ 71.553149, 51.036628 ], [ 71.567397, 51.036316 ], [ 71.5669, 51.027332 ], [ 71.581146, 51.027018 ], [ 71.581645, 51.036001 ], [ 71.595893, 51.035686 ], [ 71.596395, 51.044669 ], [ 71.596898, 51.053652 ], [ 71.5974, 51.062635 ], [ 71.583145, 51.062951 ], [ 71.568889, 51.063266 ], [ 71.569386, 51.072249 ], [ 71.583645, 51.071935 ], [ 71.597904, 51.071618 ], [ 71.598407, 51.080602 ], [ 71.598911, 51.089585 ], [ 71.613175, 51.089266 ], [ 71.612668, 51.080283 ], [ 71.612162, 51.0713 ], [ 71.62642, 51.070981 ], [ 71.625911, 51.061998 ], [ 71.625403, 51.053015 ], [ 71.624895, 51.044032 ], [ 71.624387, 51.035049 ], [ 71.623879, 51.026066 ], [ 71.609635, 51.026385 ], [ 71.60913, 51.017402 ], [ 71.623372, 51.017083 ], [ 71.622865, 51.0081 ], [ 71.608626, 51.008419 ], [ 71.608122, 50.999436 ], [ 71.593886, 50.999753 ], [ 71.594387, 51.008736 ], [ 71.580148, 51.009051 ], [ 71.580646, 51.018035 ], [ 71.566404, 51.018349 ], [ 71.552161, 51.018661 ], [ 71.551668, 51.009677 ], [ 71.537428, 51.009988 ], [ 71.537919, 51.018971 ], [ 71.523675, 51.01928 ], [ 71.509432, 51.019587 ], [ 71.495188, 51.019892 ], [ 71.495671, 51.028876 ] ] ], [ [ [ 71.511375, 51.055522 ], [ 71.511862, 51.064506 ], [ 71.512348, 51.07349 ], [ 71.526608, 51.073182 ], [ 71.540868, 51.072873 ], [ 71.54136, 51.081856 ], [ 71.541853, 51.09084 ], [ 71.527588, 51.091149 ], [ 71.528078, 51.100133 ], [ 71.542346, 51.099823 ], [ 71.542839, 51.108807 ], [ 71.543332, 51.11779 ], [ 71.543826, 51.126774 ], [ 71.558102, 51.126462 ], [ 71.558598, 51.135445 ], [ 71.572877, 51.135132 ], [ 71.572377, 51.126149 ], [ 71.571878, 51.117166 ], [ 71.586151, 51.116851 ], [ 71.585649, 51.107867 ], [ 71.599919, 51.107551 ], [ 71.599415, 51.098568 ], [ 71.585148, 51.098884 ], [ 71.584647, 51.089901 ], [ 71.584146, 51.080918 ], [ 71.569884, 51.081232 ], [ 71.570382, 51.090216 ], [ 71.556118, 51.090529 ], [ 71.555622, 51.081545 ], [ 71.555127, 51.072562 ], [ 71.554632, 51.063578 ], [ 71.554138, 51.054595 ], [ 71.539884, 51.054906 ], [ 71.539392, 51.045922 ], [ 71.525141, 51.046231 ], [ 71.524652, 51.037247 ], [ 71.510403, 51.037554 ], [ 71.510889, 51.046538 ], [ 71.496637, 51.046844 ], [ 71.49712, 51.055828 ], [ 71.511375, 51.055522 ] ] ], [ [ [ 71.45483, 51.065718 ], [ 71.469089, 51.065418 ], [ 71.46861, 51.056434 ], [ 71.454355, 51.056734 ], [ 71.45483, 51.065718 ] ] ], [ [ [ 71.412522, 51.075594 ], [ 71.426784, 51.075298 ], [ 71.426314, 51.066314 ], [ 71.412055, 51.066609 ], [ 71.412522, 51.075594 ] ] ], [ [ [ 71.470046, 51.083386 ], [ 71.484309, 51.083083 ], [ 71.498572, 51.082779 ], [ 71.498088, 51.073795 ], [ 71.483828, 51.074099 ], [ 71.469567, 51.074402 ], [ 71.470046, 51.083386 ] ] ], [ [ [ 71.498572, 51.082779 ], [ 71.499056, 51.091763 ], [ 71.513322, 51.091457 ], [ 71.527588, 51.091149 ], [ 71.527098, 51.082166 ], [ 71.512835, 51.082473 ], [ 71.498572, 51.082779 ] ] ], [ [ [ 71.484791, 51.092067 ], [ 71.470524, 51.09237 ], [ 71.471004, 51.101354 ], [ 71.485272, 51.101051 ], [ 71.499541, 51.100747 ], [ 71.499056, 51.091763 ], [ 71.484791, 51.092067 ] ] ], [ [ [ 71.429609, 51.129204 ], [ 71.429138, 51.12022 ], [ 71.414862, 51.120515 ], [ 71.415331, 51.1295 ], [ 71.429609, 51.129204 ] ] ], [ [ [ 71.417209, 51.165437 ], [ 71.431498, 51.16514 ], [ 71.431025, 51.156156 ], [ 71.416739, 51.156453 ], [ 71.417209, 51.165437 ] ] ], [ [ [ 71.464389, 51.245397 ], [ 71.478703, 51.245095 ], [ 71.47822, 51.236111 ], [ 71.463909, 51.236414 ], [ 71.464389, 51.245397 ] ] ], [ [ [ 71.507818, 51.253469 ], [ 71.508307, 51.262452 ], [ 71.508796, 51.271435 ], [ 71.523118, 51.271128 ], [ 71.522625, 51.262144 ], [ 71.522133, 51.253161 ], [ 71.521642, 51.244177 ], [ 71.507329, 51.244485 ], [ 71.507818, 51.253469 ] ] ], [ [ [ 71.450553, 51.254682 ], [ 71.46487, 51.254381 ], [ 71.464389, 51.245397 ], [ 71.450076, 51.245698 ], [ 71.450553, 51.254682 ] ] ], [ [ [ 71.422865, 51.273246 ], [ 71.422392, 51.264262 ], [ 71.421919, 51.255278 ], [ 71.407602, 51.255574 ], [ 71.408072, 51.264558 ], [ 71.408542, 51.273542 ], [ 71.422865, 51.273246 ] ] ], [ [ [ 71.45151, 51.27265 ], [ 71.465832, 51.272349 ], [ 71.465351, 51.263365 ], [ 71.451031, 51.263666 ], [ 71.45151, 51.27265 ] ] ], [ [ [ 71.437187, 51.272949 ], [ 71.422865, 51.273246 ], [ 71.423337, 51.28223 ], [ 71.423811, 51.291214 ], [ 71.438139, 51.290917 ], [ 71.437663, 51.281933 ], [ 71.437187, 51.272949 ] ] ], [ [ [ 71.440045, 51.326852 ], [ 71.439568, 51.317868 ], [ 71.439091, 51.308885 ], [ 71.424758, 51.309182 ], [ 71.425232, 51.318166 ], [ 71.425706, 51.32715 ], [ 71.440045, 51.326852 ] ] ], [ [ [ 71.441, 51.34482 ], [ 71.455344, 51.34452 ], [ 71.454864, 51.335536 ], [ 71.440522, 51.335836 ], [ 71.441, 51.34482 ] ] ], [ [ [ 71.413726, 51.372366 ], [ 71.42808, 51.37207 ], [ 71.427605, 51.363086 ], [ 71.413254, 51.363382 ], [ 71.413726, 51.372366 ] ] ], [ [ [ 71.575173, 50.919217 ], [ 71.574677, 50.910233 ], [ 71.560467, 50.910546 ], [ 71.546258, 50.910857 ], [ 71.532048, 50.911166 ], [ 71.532536, 50.92015 ], [ 71.546748, 50.919841 ], [ 71.560961, 50.91953 ], [ 71.575173, 50.919217 ] ] ], [ [ [ 71.53449, 50.956085 ], [ 71.534001, 50.947102 ], [ 71.519779, 50.947409 ], [ 71.520266, 50.956393 ], [ 71.53449, 50.956085 ] ] ], [ [ [ 71.563431, 50.964448 ], [ 71.563926, 50.973431 ], [ 71.578155, 50.973118 ], [ 71.592383, 50.972803 ], [ 71.591883, 50.963819 ], [ 71.577657, 50.964134 ], [ 71.563431, 50.964448 ] ] ], [ [ [ 71.578653, 50.982101 ], [ 71.564421, 50.982415 ], [ 71.55019, 50.982727 ], [ 71.550682, 50.99171 ], [ 71.564917, 50.991398 ], [ 71.579151, 50.991085 ], [ 71.593385, 50.990769 ], [ 71.592884, 50.981786 ], [ 71.578653, 50.982101 ] ] ], [ [ [ 71.537428, 51.009988 ], [ 71.536938, 51.001004 ], [ 71.5227, 51.001312 ], [ 71.523188, 51.010296 ], [ 71.537428, 51.009988 ] ] ], [ [ [ 71.553149, 51.036628 ], [ 71.538901, 51.036939 ], [ 71.539392, 51.045922 ], [ 71.553643, 51.045611 ], [ 71.553149, 51.036628 ] ] ], [ [ [ 71.524103, 51.289094 ], [ 71.52361, 51.280111 ], [ 71.509286, 51.280419 ], [ 71.509776, 51.289402 ], [ 71.524103, 51.289094 ] ] ], [ [ [ 71.596746, 51.305493 ], [ 71.597254, 51.314476 ], [ 71.611587, 51.314157 ], [ 71.612098, 51.323139 ], [ 71.626434, 51.322819 ], [ 71.626947, 51.331801 ], [ 71.627461, 51.340784 ], [ 71.641802, 51.340461 ], [ 71.642319, 51.349443 ], [ 71.642836, 51.358426 ], [ 71.643354, 51.367408 ], [ 71.657703, 51.367083 ], [ 71.672052, 51.366757 ], [ 71.672576, 51.375739 ], [ 71.658224, 51.376065 ], [ 71.658744, 51.385048 ], [ 71.673099, 51.384721 ], [ 71.687454, 51.384392 ], [ 71.686927, 51.37541 ], [ 71.686401, 51.366428 ], [ 71.685876, 51.357446 ], [ 71.68535, 51.348464 ], [ 71.671007, 51.348792 ], [ 71.670484, 51.33981 ], [ 71.656143, 51.340136 ], [ 71.655624, 51.331154 ], [ 71.655105, 51.322172 ], [ 71.640769, 51.322496 ], [ 71.640253, 51.313514 ], [ 71.639738, 51.304531 ], [ 71.625407, 51.304853 ], [ 71.624895, 51.295871 ], [ 71.610567, 51.296191 ], [ 71.610057, 51.287209 ], [ 71.595732, 51.287527 ], [ 71.581407, 51.287844 ], [ 71.567081, 51.288159 ], [ 71.552755, 51.288473 ], [ 71.553254, 51.297456 ], [ 71.567582, 51.297142 ], [ 71.581911, 51.296827 ], [ 71.582415, 51.30581 ], [ 71.596746, 51.305493 ] ], [ [ 71.671529, 51.357774 ], [ 71.657183, 51.358101 ], [ 71.656663, 51.349119 ], [ 71.671007, 51.348792 ], [ 71.671529, 51.357774 ] ] ], [ [ [ 71.569088, 51.324091 ], [ 71.583425, 51.323776 ], [ 71.58292, 51.314793 ], [ 71.568586, 51.315108 ], [ 71.569088, 51.324091 ] ] ], [ [ [ 71.514689, 51.379236 ], [ 71.529043, 51.378927 ], [ 71.528548, 51.369943 ], [ 71.514196, 51.370252 ], [ 71.514689, 51.379236 ] ] ], [ [ [ 71.558253, 51.387286 ], [ 71.557752, 51.378303 ], [ 71.543398, 51.378616 ], [ 71.543896, 51.387599 ], [ 71.558253, 51.387286 ] ] ], [ [ [ 71.573618, 51.404937 ], [ 71.573114, 51.395954 ], [ 71.558754, 51.396269 ], [ 71.559256, 51.405252 ], [ 71.573618, 51.404937 ] ] ], [ [ [ 71.530531, 51.405876 ], [ 71.544894, 51.405565 ], [ 71.544395, 51.396582 ], [ 71.530035, 51.396893 ], [ 71.530531, 51.405876 ] ] ], [ [ [ 71.588996, 51.422586 ], [ 71.588488, 51.413603 ], [ 71.58798, 51.404621 ], [ 71.573618, 51.404937 ], [ 71.574123, 51.41392 ], [ 71.574628, 51.422903 ], [ 71.588996, 51.422586 ] ] ], [ [ [ 71.658905, 50.890355 ], [ 71.658393, 50.881372 ], [ 71.644193, 50.881695 ], [ 71.644702, 50.890678 ], [ 71.658905, 50.890355 ] ] ], [ [ [ 71.587391, 50.882969 ], [ 71.587889, 50.891952 ], [ 71.588388, 50.900936 ], [ 71.602594, 50.90062 ], [ 71.602093, 50.891636 ], [ 71.601592, 50.882653 ], [ 71.587391, 50.882969 ] ] ], [ [ [ 71.617304, 50.909285 ], [ 71.6168, 50.900302 ], [ 71.602594, 50.90062 ], [ 71.603095, 50.909603 ], [ 71.617304, 50.909285 ] ] ], [ [ [ 71.618313, 50.927252 ], [ 71.618817, 50.936235 ], [ 71.633034, 50.935915 ], [ 71.632527, 50.926932 ], [ 71.618313, 50.927252 ] ] ], [ [ [ 71.647761, 50.944576 ], [ 71.647251, 50.935593 ], [ 71.633034, 50.935915 ], [ 71.633542, 50.944898 ], [ 71.647761, 50.944576 ] ] ], [ [ [ 71.606108, 50.963503 ], [ 71.605605, 50.954519 ], [ 71.591383, 50.954836 ], [ 71.591883, 50.963819 ], [ 71.606108, 50.963503 ] ] ], [ [ [ 71.636085, 50.989813 ], [ 71.650317, 50.989491 ], [ 71.649806, 50.980508 ], [ 71.635576, 50.98083 ], [ 71.636085, 50.989813 ] ] ], [ [ [ 71.622865, 51.0081 ], [ 71.637104, 51.007779 ], [ 71.636594, 50.998796 ], [ 71.636085, 50.989813 ], [ 71.621852, 50.990134 ], [ 71.622358, 50.999117 ], [ 71.622865, 51.0081 ] ] ], [ [ [ 71.65648, 51.097284 ], [ 71.670745, 51.096959 ], [ 71.670227, 51.087976 ], [ 71.66971, 51.078994 ], [ 71.669193, 51.070011 ], [ 71.654936, 51.070336 ], [ 71.640678, 51.070659 ], [ 71.64119, 51.079642 ], [ 71.626929, 51.079964 ], [ 71.627438, 51.088947 ], [ 71.627948, 51.097929 ], [ 71.642214, 51.097608 ], [ 71.641702, 51.088625 ], [ 71.655965, 51.088302 ], [ 71.65648, 51.097284 ] ] ], [ [ [ 71.614188, 51.107232 ], [ 71.599919, 51.107551 ], [ 71.600423, 51.116534 ], [ 71.614695, 51.116215 ], [ 71.614188, 51.107232 ] ] ], [ [ [ 71.601433, 51.1345 ], [ 71.615711, 51.134181 ], [ 71.615203, 51.125198 ], [ 71.600928, 51.125517 ], [ 71.601433, 51.1345 ] ] ], [ [ [ 71.61773, 51.421947 ], [ 71.632097, 51.421626 ], [ 71.631581, 51.412643 ], [ 71.645945, 51.41232 ], [ 71.646464, 51.421302 ], [ 71.66083, 51.420976 ], [ 71.675196, 51.420649 ], [ 71.674671, 51.411667 ], [ 71.660308, 51.411994 ], [ 71.659787, 51.403012 ], [ 71.674147, 51.402685 ], [ 71.688507, 51.402356 ], [ 71.68798, 51.393374 ], [ 71.673623, 51.393703 ], [ 71.659265, 51.39403 ], [ 71.658744, 51.385048 ], [ 71.644389, 51.385373 ], [ 71.644907, 51.394355 ], [ 71.630549, 51.394678 ], [ 71.616191, 51.395 ], [ 71.616704, 51.403983 ], [ 71.617217, 51.412965 ], [ 71.602852, 51.413285 ], [ 71.603363, 51.422268 ], [ 71.61773, 51.421947 ] ] ], [ [ [ 71.659929, 50.908321 ], [ 71.674136, 50.907996 ], [ 71.673621, 50.899014 ], [ 71.673107, 50.890031 ], [ 71.658905, 50.890355 ], [ 71.659416, 50.899338 ], [ 71.659929, 50.908321 ] ] ], [ [ [ 71.660954, 50.926287 ], [ 71.675167, 50.925962 ], [ 71.674652, 50.916979 ], [ 71.660441, 50.917304 ], [ 71.660954, 50.926287 ] ] ], [ [ [ 71.676199, 50.943928 ], [ 71.675683, 50.934945 ], [ 71.661467, 50.93527 ], [ 71.66198, 50.944253 ], [ 71.676199, 50.943928 ] ] ], [ [ [ 71.718853, 50.942942 ], [ 71.704635, 50.943272 ], [ 71.705157, 50.952255 ], [ 71.719377, 50.951924 ], [ 71.733598, 50.951592 ], [ 71.73307, 50.94261 ], [ 71.718853, 50.942942 ] ] ], [ [ [ 71.748348, 50.96024 ], [ 71.76257, 50.959904 ], [ 71.762037, 50.950922 ], [ 71.747818, 50.951258 ], [ 71.748348, 50.96024 ] ] ], [ [ [ 71.710388, 51.042079 ], [ 71.710913, 51.051061 ], [ 71.725164, 51.05073 ], [ 71.724636, 51.041748 ], [ 71.710388, 51.042079 ] ] ], [ [ [ 71.739945, 51.059379 ], [ 71.739414, 51.050396 ], [ 71.725164, 51.05073 ], [ 71.725691, 51.059712 ], [ 71.739945, 51.059379 ] ] ], [ [ [ 71.711438, 51.060044 ], [ 71.710913, 51.051061 ], [ 71.696662, 51.051391 ], [ 71.697184, 51.060374 ], [ 71.711438, 51.060044 ] ] ], [ [ [ 71.740475, 51.068361 ], [ 71.741006, 51.077343 ], [ 71.755265, 51.077007 ], [ 71.769523, 51.07667 ], [ 71.768986, 51.067688 ], [ 71.754731, 51.068025 ], [ 71.740475, 51.068361 ] ] ], [ [ [ 71.712489, 51.078008 ], [ 71.711963, 51.069026 ], [ 71.697707, 51.069356 ], [ 71.698229, 51.078339 ], [ 71.698752, 51.087321 ], [ 71.699276, 51.096303 ], [ 71.71354, 51.095973 ], [ 71.727805, 51.095641 ], [ 71.727276, 51.086659 ], [ 71.726748, 51.077676 ], [ 71.712489, 51.078008 ] ] ], [ [ [ 71.743133, 51.113271 ], [ 71.757402, 51.112935 ], [ 71.757937, 51.121917 ], [ 71.772209, 51.121579 ], [ 71.786481, 51.12124 ], [ 71.800752, 51.120899 ], [ 71.800209, 51.111917 ], [ 71.78594, 51.112258 ], [ 71.7854, 51.103276 ], [ 71.78486, 51.094295 ], [ 71.78432, 51.085313 ], [ 71.783781, 51.076331 ], [ 71.769523, 51.07667 ], [ 71.77006, 51.085652 ], [ 71.770597, 51.094634 ], [ 71.771134, 51.103616 ], [ 71.756868, 51.103953 ], [ 71.742601, 51.104289 ], [ 71.743133, 51.113271 ] ] ], [ [ [ 71.686052, 51.114597 ], [ 71.671781, 51.114924 ], [ 71.6723, 51.123907 ], [ 71.686574, 51.123579 ], [ 71.700847, 51.12325 ], [ 71.700323, 51.114268 ], [ 71.686052, 51.114597 ] ] ], [ [ [ 71.743665, 51.122253 ], [ 71.744198, 51.131235 ], [ 71.758473, 51.130899 ], [ 71.757937, 51.121917 ], [ 71.743665, 51.122253 ] ] ], [ [ [ 71.744731, 51.140217 ], [ 71.744198, 51.131235 ], [ 71.729923, 51.131569 ], [ 71.730453, 51.140551 ], [ 71.744731, 51.140217 ] ] ], [ [ [ 71.673338, 51.141872 ], [ 71.687617, 51.141544 ], [ 71.687095, 51.132562 ], [ 71.672819, 51.132889 ], [ 71.673338, 51.141872 ] ] ], [ [ [ 71.730983, 51.149533 ], [ 71.730453, 51.140551 ], [ 71.716174, 51.140884 ], [ 71.701896, 51.141215 ], [ 71.702421, 51.150197 ], [ 71.702946, 51.15918 ], [ 71.71723, 51.158848 ], [ 71.716702, 51.149866 ], [ 71.730983, 51.149533 ] ] ], [ [ [ 71.749004, 51.212072 ], [ 71.763303, 51.211735 ], [ 71.762766, 51.202753 ], [ 71.777062, 51.202415 ], [ 71.776522, 51.193433 ], [ 71.762228, 51.193772 ], [ 71.747934, 51.194108 ], [ 71.748468, 51.20309 ], [ 71.749004, 51.212072 ] ] ], [ [ [ 71.719873, 51.203759 ], [ 71.720403, 51.212741 ], [ 71.734703, 51.212407 ], [ 71.734171, 51.203425 ], [ 71.719873, 51.203759 ] ] ], [ [ [ 71.706102, 51.213073 ], [ 71.705575, 51.204091 ], [ 71.691277, 51.20442 ], [ 71.691801, 51.213403 ], [ 71.706102, 51.213073 ] ] ], [ [ [ 71.734703, 51.212407 ], [ 71.735236, 51.221389 ], [ 71.735769, 51.230371 ], [ 71.750075, 51.230036 ], [ 71.749539, 51.221054 ], [ 71.749004, 51.212072 ], [ 71.734703, 51.212407 ] ] ], [ [ [ 71.723586, 51.266633 ], [ 71.723055, 51.257651 ], [ 71.737369, 51.257317 ], [ 71.736835, 51.248335 ], [ 71.751147, 51.247999 ], [ 71.765458, 51.247662 ], [ 71.764919, 51.23868 ], [ 71.76438, 51.229698 ], [ 71.750075, 51.230036 ], [ 71.75061, 51.239017 ], [ 71.736302, 51.239353 ], [ 71.721993, 51.239687 ], [ 71.722524, 51.248669 ], [ 71.708212, 51.249001 ], [ 71.70874, 51.257983 ], [ 71.709268, 51.266965 ], [ 71.723586, 51.266633 ] ] ], [ [ [ 71.69285, 51.231367 ], [ 71.693375, 51.240349 ], [ 71.6939, 51.249332 ], [ 71.708212, 51.249001 ], [ 71.707684, 51.240019 ], [ 71.707156, 51.231037 ], [ 71.69285, 51.231367 ] ] ], [ [ [ 71.738437, 51.27528 ], [ 71.737903, 51.266299 ], [ 71.723586, 51.266633 ], [ 71.724117, 51.275615 ], [ 71.738437, 51.27528 ] ] ], [ [ [ 71.683251, 51.312536 ], [ 71.683775, 51.321518 ], [ 71.69811, 51.321188 ], [ 71.697583, 51.312206 ], [ 71.711914, 51.311875 ], [ 71.711385, 51.302893 ], [ 71.710855, 51.293911 ], [ 71.710326, 51.284929 ], [ 71.709797, 51.275947 ], [ 71.695476, 51.276278 ], [ 71.681156, 51.276607 ], [ 71.681679, 51.285589 ], [ 71.667355, 51.285917 ], [ 71.667876, 51.294899 ], [ 71.682203, 51.294571 ], [ 71.682727, 51.303554 ], [ 71.683251, 51.312536 ] ] ], [ [ [ 71.724649, 51.284596 ], [ 71.725181, 51.293578 ], [ 71.725713, 51.30256 ], [ 71.740041, 51.302226 ], [ 71.739506, 51.293244 ], [ 71.738972, 51.284262 ], [ 71.724649, 51.284596 ] ] ], [ [ [ 71.714567, 51.356784 ], [ 71.715099, 51.365766 ], [ 71.729447, 51.365433 ], [ 71.743795, 51.365097 ], [ 71.743258, 51.356116 ], [ 71.728912, 51.356451 ], [ 71.728379, 51.347469 ], [ 71.742721, 51.347134 ], [ 71.757063, 51.346797 ], [ 71.756524, 51.337816 ], [ 71.742184, 51.338152 ], [ 71.741648, 51.329171 ], [ 71.755985, 51.328834 ], [ 71.755446, 51.319852 ], [ 71.741112, 51.320189 ], [ 71.740577, 51.311207 ], [ 71.726246, 51.311542 ], [ 71.711914, 51.311875 ], [ 71.712444, 51.320857 ], [ 71.726778, 51.320524 ], [ 71.727312, 51.329506 ], [ 71.727845, 51.338487 ], [ 71.713505, 51.338821 ], [ 71.714036, 51.347803 ], [ 71.714567, 51.356784 ] ] ], [ [ [ 71.712975, 51.329839 ], [ 71.712444, 51.320857 ], [ 71.69811, 51.321188 ], [ 71.698637, 51.33017 ], [ 71.712975, 51.329839 ] ] ], [ [ [ 71.770862, 51.337477 ], [ 71.770321, 51.328496 ], [ 71.755985, 51.328834 ], [ 71.756524, 51.337816 ], [ 71.770862, 51.337477 ] ] ], [ [ [ 71.744332, 51.374079 ], [ 71.758682, 51.373742 ], [ 71.758142, 51.36476 ], [ 71.743795, 51.365097 ], [ 71.744332, 51.374079 ] ] ], [ [ [ 71.70075, 51.366098 ], [ 71.701279, 51.37508 ], [ 71.701808, 51.384062 ], [ 71.716162, 51.38373 ], [ 71.730516, 51.383396 ], [ 71.729981, 51.374414 ], [ 71.71563, 51.374748 ], [ 71.715099, 51.365766 ], [ 71.70075, 51.366098 ] ] ], [ [ [ 71.731051, 51.392378 ], [ 71.745407, 51.392042 ], [ 71.745945, 51.401024 ], [ 71.746484, 51.410005 ], [ 71.760845, 51.409668 ], [ 71.760304, 51.400686 ], [ 71.774663, 51.400347 ], [ 71.775207, 51.409328 ], [ 71.789568, 51.408987 ], [ 71.789021, 51.400006 ], [ 71.803379, 51.399663 ], [ 71.817736, 51.399318 ], [ 71.818289, 51.408299 ], [ 71.803928, 51.408644 ], [ 71.804478, 51.417625 ], [ 71.818842, 51.41728 ], [ 71.833205, 51.416934 ], [ 71.832649, 51.407953 ], [ 71.847009, 51.407605 ], [ 71.846451, 51.398624 ], [ 71.832094, 51.398972 ], [ 71.831539, 51.389991 ], [ 71.817184, 51.390337 ], [ 71.802829, 51.390682 ], [ 71.788474, 51.391025 ], [ 71.774119, 51.391366 ], [ 71.759763, 51.391705 ], [ 71.759223, 51.382723 ], [ 71.744869, 51.383061 ], [ 71.730516, 51.383396 ], [ 71.731051, 51.392378 ] ] ], [ [ [ 71.732658, 51.419323 ], [ 71.747022, 51.418987 ], [ 71.746484, 51.410005 ], [ 71.732122, 51.410341 ], [ 71.732658, 51.419323 ] ] ], [ [ [ 71.747561, 51.427968 ], [ 71.761928, 51.42763 ], [ 71.761387, 51.418649 ], [ 71.747022, 51.418987 ], [ 71.747561, 51.427968 ] ] ], [ [ [ 71.805236, 50.958887 ], [ 71.791014, 50.959228 ], [ 71.791553, 50.96821 ], [ 71.805777, 50.967868 ], [ 71.820002, 50.967526 ], [ 71.820546, 50.976507 ], [ 71.834773, 50.976163 ], [ 71.834225, 50.967181 ], [ 71.848449, 50.966835 ], [ 71.862672, 50.966487 ], [ 71.863225, 50.975468 ], [ 71.877451, 50.975118 ], [ 71.876895, 50.966137 ], [ 71.87634, 50.957156 ], [ 71.86212, 50.957506 ], [ 71.861568, 50.948524 ], [ 71.84735, 50.948872 ], [ 71.846801, 50.939891 ], [ 71.832586, 50.940236 ], [ 71.833132, 50.949218 ], [ 71.818914, 50.949562 ], [ 71.819457, 50.958544 ], [ 71.805236, 50.958887 ] ] ], [ [ [ 71.780012, 51.013459 ], [ 71.765773, 51.013797 ], [ 71.766308, 51.022779 ], [ 71.78055, 51.02244 ], [ 71.781087, 51.031422 ], [ 71.795331, 51.031082 ], [ 71.795872, 51.040064 ], [ 71.781626, 51.040404 ], [ 71.767379, 51.040743 ], [ 71.767914, 51.049725 ], [ 71.782164, 51.049386 ], [ 71.782703, 51.058368 ], [ 71.76845, 51.058706 ], [ 71.768986, 51.067688 ], [ 71.783242, 51.06735 ], [ 71.783781, 51.076331 ], [ 71.798038, 51.075991 ], [ 71.797496, 51.067009 ], [ 71.811751, 51.066667 ], [ 71.811207, 51.057685 ], [ 71.796955, 51.058027 ], [ 71.796413, 51.049046 ], [ 71.810662, 51.048704 ], [ 71.824911, 51.04836 ], [ 71.83916, 51.048014 ], [ 71.83861, 51.039033 ], [ 71.824365, 51.039378 ], [ 71.823818, 51.030397 ], [ 71.838061, 51.030051 ], [ 71.837512, 51.02107 ], [ 71.851752, 51.020723 ], [ 71.865992, 51.020374 ], [ 71.866546, 51.029356 ], [ 71.880789, 51.029005 ], [ 71.881346, 51.037986 ], [ 71.895591, 51.037634 ], [ 71.909835, 51.03728 ], [ 71.910398, 51.046261 ], [ 71.910962, 51.055241 ], [ 71.925211, 51.054885 ], [ 71.93946, 51.054528 ], [ 71.938891, 51.045547 ], [ 71.924645, 51.045905 ], [ 71.924079, 51.036924 ], [ 71.938323, 51.036566 ], [ 71.937755, 51.027586 ], [ 71.923514, 51.027943 ], [ 71.922948, 51.018963 ], [ 71.90871, 51.019318 ], [ 71.908147, 51.010337 ], [ 71.922383, 51.009982 ], [ 71.921819, 51.001001 ], [ 71.907585, 51.001356 ], [ 71.893352, 51.00171 ], [ 71.879118, 51.002062 ], [ 71.864884, 51.002412 ], [ 71.865438, 51.011393 ], [ 71.851201, 51.011742 ], [ 71.836964, 51.012089 ], [ 71.822726, 51.012434 ], [ 71.808489, 51.012777 ], [ 71.807946, 51.003795 ], [ 71.807403, 50.994814 ], [ 71.806861, 50.985832 ], [ 71.821091, 50.985489 ], [ 71.820546, 50.976507 ], [ 71.806319, 50.97685 ], [ 71.792092, 50.977191 ], [ 71.792631, 50.986173 ], [ 71.793171, 50.995155 ], [ 71.778938, 50.995495 ], [ 71.779475, 51.004477 ], [ 71.780012, 51.013459 ] ], [ [ 71.794791, 51.0221 ], [ 71.809032, 51.021759 ], [ 71.809575, 51.03074 ], [ 71.795331, 51.031082 ], [ 71.794791, 51.0221 ] ], [ [ 71.909272, 51.028299 ], [ 71.895031, 51.028653 ], [ 71.894471, 51.019672 ], [ 71.90871, 51.019318 ], [ 71.909272, 51.028299 ] ] ], [ [ [ 71.778401, 50.986513 ], [ 71.777865, 50.977531 ], [ 71.763637, 50.977869 ], [ 71.764171, 50.986851 ], [ 71.778401, 50.986513 ] ] ], [ [ [ 71.854513, 51.06563 ], [ 71.868767, 51.06528 ], [ 71.88302, 51.064929 ], [ 71.897273, 51.064577 ], [ 71.896712, 51.055596 ], [ 71.896151, 51.046615 ], [ 71.881904, 51.046967 ], [ 71.881346, 51.037986 ], [ 71.867101, 51.038337 ], [ 71.867656, 51.047318 ], [ 71.853408, 51.047667 ], [ 71.85396, 51.056648 ], [ 71.839709, 51.056996 ], [ 71.825458, 51.057341 ], [ 71.826005, 51.066323 ], [ 71.840259, 51.065977 ], [ 71.84081, 51.074958 ], [ 71.855066, 51.074611 ], [ 71.854513, 51.06563 ] ] ], [ [ [ 71.801296, 51.12988 ], [ 71.81557, 51.129537 ], [ 71.815024, 51.120556 ], [ 71.800752, 51.120899 ], [ 71.801296, 51.12988 ] ] ], [ [ [ 71.844669, 51.137827 ], [ 71.858945, 51.137479 ], [ 71.85839, 51.128498 ], [ 71.844117, 51.128846 ], [ 71.844669, 51.137827 ] ] ], [ [ [ 71.773286, 51.139543 ], [ 71.772748, 51.130561 ], [ 71.758473, 51.130899 ], [ 71.759008, 51.139881 ], [ 71.773286, 51.139543 ] ] ], [ [ [ 71.802384, 51.147843 ], [ 71.80184, 51.138862 ], [ 71.787563, 51.139203 ], [ 71.788105, 51.148185 ], [ 71.802384, 51.147843 ] ] ], [ [ [ 71.803474, 51.165806 ], [ 71.817758, 51.165463 ], [ 71.817211, 51.156481 ], [ 71.816664, 51.1475 ], [ 71.802384, 51.147843 ], [ 71.802929, 51.156825 ], [ 71.788646, 51.157166 ], [ 71.789188, 51.166148 ], [ 71.803474, 51.165806 ] ] ], [ [ [ 71.773825, 51.148525 ], [ 71.759544, 51.148863 ], [ 71.760081, 51.157844 ], [ 71.774364, 51.157506 ], [ 71.788646, 51.157166 ], [ 71.788105, 51.148185 ], [ 71.773825, 51.148525 ] ] ], [ [ [ 71.805109, 51.192751 ], [ 71.805655, 51.201732 ], [ 71.806202, 51.210713 ], [ 71.806748, 51.219695 ], [ 71.807295, 51.228676 ], [ 71.79299, 51.229019 ], [ 71.792446, 51.220037 ], [ 71.778144, 51.220378 ], [ 71.763842, 51.220717 ], [ 71.76438, 51.229698 ], [ 71.778685, 51.229359 ], [ 71.779227, 51.238341 ], [ 71.779768, 51.247322 ], [ 71.794079, 51.246981 ], [ 71.808389, 51.246639 ], [ 71.807842, 51.237657 ], [ 71.822149, 51.237313 ], [ 71.821599, 51.228332 ], [ 71.835903, 51.227986 ], [ 71.835351, 51.219005 ], [ 71.834799, 51.210024 ], [ 71.8205, 51.210369 ], [ 71.819951, 51.201388 ], [ 71.834247, 51.201042 ], [ 71.848543, 51.200695 ], [ 71.847988, 51.191714 ], [ 71.847434, 51.182733 ], [ 71.846881, 51.173752 ], [ 71.846327, 51.164771 ], [ 71.860612, 51.164422 ], [ 71.860056, 51.155441 ], [ 71.8595, 51.14646 ], [ 71.845222, 51.146808 ], [ 71.845774, 51.155789 ], [ 71.831493, 51.156136 ], [ 71.832043, 51.165118 ], [ 71.832594, 51.174099 ], [ 71.833145, 51.18308 ], [ 71.818854, 51.183425 ], [ 71.819403, 51.192407 ], [ 71.805109, 51.192751 ] ] ], [ [ [ 71.805109, 51.192751 ], [ 71.804564, 51.183769 ], [ 71.818854, 51.183425 ], [ 71.818306, 51.174444 ], [ 71.804019, 51.174788 ], [ 71.789731, 51.17513 ], [ 71.789188, 51.166148 ], [ 71.774903, 51.166488 ], [ 71.775442, 51.17547 ], [ 71.775982, 51.184451 ], [ 71.776522, 51.193433 ], [ 71.790816, 51.193093 ], [ 71.805109, 51.192751 ] ] ], [ [ [ 71.822699, 51.246294 ], [ 71.837009, 51.245948 ], [ 71.836456, 51.236967 ], [ 71.822149, 51.237313 ], [ 71.822699, 51.246294 ] ] ], [ [ [ 71.824351, 51.273238 ], [ 71.8238, 51.264257 ], [ 71.809484, 51.264601 ], [ 71.810033, 51.273583 ], [ 71.824351, 51.273238 ] ] ], [ [ [ 71.839777, 51.290853 ], [ 71.839223, 51.281872 ], [ 71.824902, 51.282219 ], [ 71.825454, 51.2912 ], [ 71.839777, 51.290853 ] ] ], [ [ [ 71.798992, 51.327814 ], [ 71.813327, 51.32747 ], [ 71.812778, 51.318489 ], [ 71.798445, 51.318832 ], [ 71.798992, 51.327814 ] ] ], [ [ [ 71.828215, 51.336105 ], [ 71.842553, 51.335758 ], [ 71.841997, 51.326777 ], [ 71.827662, 51.327124 ], [ 71.828215, 51.336105 ] ] ], [ [ [ 71.786836, 51.364081 ], [ 71.787382, 51.373062 ], [ 71.801732, 51.37272 ], [ 71.816081, 51.372375 ], [ 71.81553, 51.363394 ], [ 71.814979, 51.354413 ], [ 71.800635, 51.354757 ], [ 71.801183, 51.363738 ], [ 71.786836, 51.364081 ] ] ], [ [ [ 71.786836, 51.364081 ], [ 71.786291, 51.355099 ], [ 71.771947, 51.35544 ], [ 71.772489, 51.364421 ], [ 71.786836, 51.364081 ] ] ], [ [ [ 71.845336, 51.380662 ], [ 71.830984, 51.38101 ], [ 71.831539, 51.389991 ], [ 71.845893, 51.389643 ], [ 71.860247, 51.389293 ], [ 71.874601, 51.388942 ], [ 71.888954, 51.388589 ], [ 71.903307, 51.388234 ], [ 71.902739, 51.379253 ], [ 71.888388, 51.379608 ], [ 71.887823, 51.370628 ], [ 71.887258, 51.361647 ], [ 71.872913, 51.362 ], [ 71.873475, 51.370981 ], [ 71.874038, 51.379961 ], [ 71.859687, 51.380313 ], [ 71.859127, 51.371332 ], [ 71.844779, 51.371682 ], [ 71.845336, 51.380662 ] ] ], [ [ [ 71.816081, 51.372375 ], [ 71.816632, 51.381356 ], [ 71.830984, 51.38101 ], [ 71.83043, 51.372029 ], [ 71.816081, 51.372375 ] ] ], [ [ [ 71.775751, 51.418309 ], [ 71.775207, 51.409328 ], [ 71.760845, 51.409668 ], [ 71.761387, 51.418649 ], [ 71.775751, 51.418309 ] ] ], [ [ [ 71.946869, 50.946401 ], [ 71.946301, 50.937421 ], [ 71.945733, 50.92844 ], [ 71.931522, 50.928798 ], [ 71.932087, 50.937779 ], [ 71.932653, 50.946759 ], [ 71.946869, 50.946401 ] ] ], [ [ [ 71.961085, 50.946041 ], [ 71.9753, 50.94568 ], [ 71.974727, 50.936699 ], [ 71.960514, 50.937061 ], [ 71.961085, 50.946041 ] ] ], [ [ [ 71.919563, 50.965078 ], [ 71.918999, 50.956097 ], [ 71.918436, 50.947116 ], [ 71.90422, 50.947471 ], [ 71.90478, 50.956452 ], [ 71.90534, 50.965433 ], [ 71.919563, 50.965078 ] ] ], [ [ [ 71.892234, 50.983748 ], [ 71.906462, 50.983394 ], [ 71.907024, 50.992375 ], [ 71.921254, 50.99202 ], [ 71.92069, 50.983039 ], [ 71.920126, 50.974058 ], [ 71.905901, 50.974414 ], [ 71.90534, 50.965433 ], [ 71.891118, 50.965786 ], [ 71.891676, 50.974767 ], [ 71.877451, 50.975118 ], [ 71.878006, 50.9841 ], [ 71.878562, 50.993081 ], [ 71.892793, 50.992729 ], [ 71.892234, 50.983748 ] ] ], [ [ [ 71.921254, 50.99202 ], [ 71.921819, 51.001001 ], [ 71.936051, 51.000644 ], [ 71.935484, 50.991663 ], [ 71.921254, 50.99202 ] ] ], [ [ [ 71.950854, 51.009266 ], [ 71.950284, 51.000285 ], [ 71.936051, 51.000644 ], [ 71.936619, 51.009625 ], [ 71.950854, 51.009266 ] ] ], [ [ [ 71.951424, 51.018246 ], [ 71.965662, 51.017885 ], [ 71.965089, 51.008905 ], [ 71.950854, 51.009266 ], [ 71.951424, 51.018246 ] ] ], [ [ [ 71.953138, 51.045188 ], [ 71.952566, 51.036207 ], [ 71.938323, 51.036566 ], [ 71.938891, 51.045547 ], [ 71.953138, 51.045188 ] ] ], [ [ [ 71.93946, 51.054528 ], [ 71.94003, 51.063508 ], [ 71.925778, 51.063866 ], [ 71.911525, 51.064222 ], [ 71.912089, 51.073203 ], [ 71.912654, 51.082184 ], [ 71.898395, 51.082538 ], [ 71.898957, 51.091519 ], [ 71.899519, 51.1005 ], [ 71.913783, 51.100145 ], [ 71.913218, 51.091164 ], [ 71.927479, 51.090808 ], [ 71.926911, 51.081827 ], [ 71.941169, 51.081469 ], [ 71.940599, 51.072489 ], [ 71.954854, 51.072129 ], [ 71.955426, 51.081109 ], [ 71.969683, 51.080748 ], [ 71.969108, 51.071767 ], [ 71.983362, 51.071404 ], [ 71.982784, 51.062424 ], [ 71.997035, 51.062059 ], [ 71.996455, 51.053079 ], [ 71.982206, 51.053444 ], [ 71.981629, 51.044464 ], [ 71.967384, 51.044826 ], [ 71.953138, 51.045188 ], [ 71.953709, 51.054168 ], [ 71.93946, 51.054528 ] ] ], [ [ [ 71.928046, 51.099789 ], [ 71.942309, 51.09943 ], [ 71.941739, 51.09045 ], [ 71.927479, 51.090808 ], [ 71.928046, 51.099789 ] ] ], [ [ [ 71.971411, 51.107689 ], [ 71.970834, 51.098708 ], [ 71.956572, 51.09907 ], [ 71.957145, 51.108051 ], [ 71.971411, 51.107689 ] ] ], [ [ [ 71.943451, 51.117391 ], [ 71.957719, 51.117031 ], [ 71.957145, 51.108051 ], [ 71.94288, 51.108411 ], [ 71.928614, 51.108769 ], [ 71.928046, 51.099789 ], [ 71.913783, 51.100145 ], [ 71.914348, 51.109126 ], [ 71.914914, 51.118107 ], [ 71.929182, 51.11775 ], [ 71.929751, 51.12673 ], [ 71.944022, 51.126372 ], [ 71.943451, 51.117391 ] ] ], [ [ [ 71.972564, 51.125649 ], [ 71.971987, 51.116669 ], [ 71.957719, 51.117031 ], [ 71.958293, 51.126011 ], [ 71.972564, 51.125649 ] ] ], [ [ [ 71.888056, 51.145758 ], [ 71.902334, 51.145404 ], [ 71.901771, 51.136423 ], [ 71.887496, 51.136777 ], [ 71.888056, 51.145758 ] ] ], [ [ [ 71.945738, 51.153313 ], [ 71.960017, 51.152952 ], [ 71.959442, 51.143972 ], [ 71.945166, 51.144332 ], [ 71.945738, 51.153313 ] ] ], [ [ [ 71.961168, 51.170912 ], [ 71.975452, 51.17055 ], [ 71.989736, 51.170185 ], [ 72.00402, 51.169819 ], [ 72.003437, 51.160839 ], [ 72.002853, 51.151859 ], [ 71.988575, 51.152225 ], [ 71.989155, 51.161205 ], [ 71.974874, 51.16157 ], [ 71.974296, 51.152589 ], [ 71.960017, 51.152952 ], [ 71.960592, 51.161932 ], [ 71.961168, 51.170912 ] ] ], [ [ [ 71.977768, 51.20647 ], [ 71.978348, 51.21545 ], [ 71.992646, 51.215085 ], [ 71.992063, 51.206105 ], [ 71.991481, 51.197125 ], [ 71.990899, 51.188145 ], [ 71.990318, 51.179165 ], [ 71.976031, 51.17953 ], [ 71.97661, 51.18851 ], [ 71.96232, 51.188873 ], [ 71.961743, 51.179893 ], [ 71.947456, 51.180254 ], [ 71.933168, 51.180613 ], [ 71.933738, 51.189594 ], [ 71.948029, 51.189234 ], [ 71.948603, 51.198214 ], [ 71.949177, 51.207195 ], [ 71.963473, 51.206833 ], [ 71.977768, 51.20647 ] ] ], [ [ [ 71.876573, 51.191014 ], [ 71.890865, 51.190662 ], [ 71.890303, 51.181681 ], [ 71.876013, 51.182033 ], [ 71.876573, 51.191014 ] ] ], [ [ [ 71.893117, 51.226584 ], [ 71.907419, 51.22623 ], [ 71.906853, 51.217249 ], [ 71.892553, 51.217604 ], [ 71.893117, 51.226584 ] ] ], [ [ [ 71.850207, 51.227638 ], [ 71.86451, 51.227289 ], [ 71.863953, 51.218308 ], [ 71.849652, 51.218657 ], [ 71.850207, 51.227638 ] ] ], [ [ [ 71.921722, 51.225873 ], [ 71.907419, 51.22623 ], [ 71.907986, 51.23521 ], [ 71.922291, 51.234854 ], [ 71.921722, 51.225873 ] ] ], [ [ [ 71.908552, 51.244191 ], [ 71.907986, 51.23521 ], [ 71.89368, 51.235565 ], [ 71.894244, 51.244546 ], [ 71.908552, 51.244191 ] ] ], [ [ [ 71.879936, 51.244899 ], [ 71.879375, 51.235918 ], [ 71.865069, 51.23627 ], [ 71.865627, 51.24525 ], [ 71.879936, 51.244899 ] ] ], [ [ [ 71.909119, 51.253171 ], [ 71.92343, 51.252815 ], [ 71.92286, 51.243834 ], [ 71.908552, 51.244191 ], [ 71.909119, 51.253171 ] ] ], [ [ [ 71.937741, 51.252456 ], [ 71.92343, 51.252815 ], [ 71.924, 51.261795 ], [ 71.938313, 51.261436 ], [ 71.952626, 51.261076 ], [ 71.952051, 51.252096 ], [ 71.937741, 51.252456 ] ] ], [ [ [ 71.895938, 51.271488 ], [ 71.895373, 51.262507 ], [ 71.881059, 51.26286 ], [ 71.881621, 51.271841 ], [ 71.895938, 51.271488 ] ] ], [ [ [ 71.940034, 51.288377 ], [ 71.93946, 51.279397 ], [ 71.925141, 51.279756 ], [ 71.925712, 51.288736 ], [ 71.940034, 51.288377 ] ] ], [ [ [ 71.868984, 51.299135 ], [ 71.883309, 51.298783 ], [ 71.882746, 51.289803 ], [ 71.868423, 51.290155 ], [ 71.868984, 51.299135 ] ] ], [ [ [ 71.941182, 51.306337 ], [ 71.926855, 51.306697 ], [ 71.912528, 51.307054 ], [ 71.913097, 51.316034 ], [ 71.927427, 51.315677 ], [ 71.927999, 51.324657 ], [ 71.942332, 51.324298 ], [ 71.941757, 51.315318 ], [ 71.941182, 51.306337 ] ] ], [ [ [ 71.929145, 51.342618 ], [ 71.928572, 51.333637 ], [ 71.914236, 51.333995 ], [ 71.914806, 51.342976 ], [ 71.929145, 51.342618 ] ] ], [ [ [ 71.902739, 51.379253 ], [ 71.917089, 51.378897 ], [ 71.91766, 51.387877 ], [ 71.932013, 51.387518 ], [ 71.931439, 51.378538 ], [ 71.930865, 51.369558 ], [ 71.930291, 51.360578 ], [ 71.915947, 51.360936 ], [ 71.915376, 51.351956 ], [ 71.901035, 51.352312 ], [ 71.901602, 51.361293 ], [ 71.90217, 51.370273 ], [ 71.902739, 51.379253 ] ] ], [ [ [ 71.959558, 51.368836 ], [ 71.973904, 51.368473 ], [ 71.973322, 51.359493 ], [ 71.958978, 51.359856 ], [ 71.959558, 51.368836 ] ] ], [ [ [ 71.975069, 51.386432 ], [ 71.974486, 51.377453 ], [ 71.960137, 51.377816 ], [ 71.960717, 51.386796 ], [ 71.975069, 51.386432 ] ] ], [ [ [ 71.904446, 51.406194 ], [ 71.903876, 51.397214 ], [ 71.88952, 51.397569 ], [ 71.890087, 51.40655 ], [ 71.890654, 51.41553 ], [ 71.891221, 51.42451 ], [ 71.905585, 51.424155 ], [ 71.905015, 51.415175 ], [ 71.904446, 51.406194 ] ] ], [ [ [ 71.986637, 50.900415 ], [ 71.987212, 50.909395 ], [ 71.987787, 50.918375 ], [ 72.001994, 50.918011 ], [ 72.001416, 50.90903 ], [ 72.015619, 50.908664 ], [ 72.029823, 50.908296 ], [ 72.02924, 50.899316 ], [ 72.04344, 50.898946 ], [ 72.05764, 50.898575 ], [ 72.057052, 50.889595 ], [ 72.042854, 50.889966 ], [ 72.042269, 50.880986 ], [ 72.056463, 50.880615 ], [ 72.055876, 50.871635 ], [ 72.041684, 50.872006 ], [ 72.027491, 50.872376 ], [ 72.028074, 50.881356 ], [ 72.013879, 50.881723 ], [ 71.999683, 50.882089 ], [ 72.00026, 50.89107 ], [ 72.000838, 50.90005 ], [ 71.986637, 50.900415 ] ] ], [ [ [ 72.030407, 50.917276 ], [ 72.03099, 50.926256 ], [ 72.045199, 50.925886 ], [ 72.059407, 50.925514 ], [ 72.058818, 50.916535 ], [ 72.044612, 50.916906 ], [ 72.030407, 50.917276 ] ] ], [ [ [ 72.001994, 50.918011 ], [ 72.002572, 50.926991 ], [ 71.988363, 50.927356 ], [ 71.988939, 50.936336 ], [ 72.003151, 50.935971 ], [ 72.017363, 50.935605 ], [ 72.017945, 50.944585 ], [ 72.032159, 50.944216 ], [ 72.031575, 50.935236 ], [ 72.03099, 50.926256 ], [ 72.016782, 50.926624 ], [ 72.0162, 50.917644 ], [ 72.001994, 50.918011 ] ] ], [ [ [ 71.963371, 50.981964 ], [ 71.963943, 50.990944 ], [ 71.964516, 50.999924 ], [ 71.978748, 50.999562 ], [ 71.978173, 50.990582 ], [ 71.992401, 50.990218 ], [ 71.99298, 50.999198 ], [ 71.993558, 51.008178 ], [ 71.979324, 51.008542 ], [ 71.9799, 51.017523 ], [ 71.994137, 51.017159 ], [ 71.994716, 51.026139 ], [ 71.980476, 51.026503 ], [ 71.981052, 51.035483 ], [ 71.981629, 51.044464 ], [ 71.995875, 51.044099 ], [ 71.995295, 51.035119 ], [ 72.009537, 51.034753 ], [ 72.023779, 51.034385 ], [ 72.023195, 51.025405 ], [ 72.008955, 51.025773 ], [ 72.008374, 51.016793 ], [ 72.02261, 51.016425 ], [ 72.022026, 51.007445 ], [ 72.007792, 51.007812 ], [ 72.007211, 50.998832 ], [ 72.00663, 50.989852 ], [ 72.00605, 50.980872 ], [ 72.005469, 50.971892 ], [ 72.019692, 50.971525 ], [ 72.019109, 50.962545 ], [ 72.018527, 50.953565 ], [ 72.017945, 50.944585 ], [ 72.00373, 50.944951 ], [ 71.989515, 50.945316 ], [ 71.9753, 50.94568 ], [ 71.975874, 50.95466 ], [ 71.976448, 50.963641 ], [ 71.977023, 50.972621 ], [ 71.962799, 50.972983 ], [ 71.963371, 50.981964 ] ] ], [ [ [ 72.035673, 50.998096 ], [ 72.035086, 50.989116 ], [ 72.0345, 50.980136 ], [ 72.033915, 50.971156 ], [ 72.019692, 50.971525 ], [ 72.020275, 50.980505 ], [ 72.020858, 50.989485 ], [ 72.021442, 50.998465 ], [ 72.022026, 51.007445 ], [ 72.036259, 51.007076 ], [ 72.035673, 50.998096 ] ] ], [ [ [ 72.051082, 51.015684 ], [ 72.050492, 51.006704 ], [ 72.036259, 51.007076 ], [ 72.036846, 51.016055 ], [ 72.051082, 51.015684 ] ] ], [ [ [ 72.010702, 51.052713 ], [ 72.01012, 51.043733 ], [ 71.995875, 51.044099 ], [ 71.996455, 51.053079 ], [ 72.010702, 51.052713 ] ] ], [ [ [ 71.984518, 51.089365 ], [ 71.985097, 51.098345 ], [ 71.985676, 51.107325 ], [ 71.99994, 51.106959 ], [ 71.999358, 51.097979 ], [ 71.998777, 51.088999 ], [ 71.998196, 51.080019 ], [ 71.98394, 51.080384 ], [ 71.969683, 51.080748 ], [ 71.970259, 51.089728 ], [ 71.984518, 51.089365 ] ] ], [ [ [ 71.971987, 51.116669 ], [ 71.986255, 51.116305 ], [ 71.985676, 51.107325 ], [ 71.971411, 51.107689 ], [ 71.971987, 51.116669 ] ] ], [ [ [ 71.987414, 51.134265 ], [ 71.986834, 51.125285 ], [ 71.972564, 51.125649 ], [ 71.973141, 51.134629 ], [ 71.987414, 51.134265 ] ] ], [ [ [ 72.031409, 51.151122 ], [ 72.03082, 51.142142 ], [ 72.016545, 51.142512 ], [ 72.017131, 51.151491 ], [ 72.031409, 51.151122 ] ] ], [ [ [ 72.031998, 51.160102 ], [ 72.046278, 51.15973 ], [ 72.045687, 51.150751 ], [ 72.031409, 51.151122 ], [ 72.031998, 51.160102 ] ] ], [ [ [ 72.018304, 51.169451 ], [ 72.032587, 51.169081 ], [ 72.031998, 51.160102 ], [ 72.017717, 51.160471 ], [ 72.018304, 51.169451 ] ] ], [ [ [ 72.033177, 51.178061 ], [ 72.033767, 51.187041 ], [ 72.034357, 51.19602 ], [ 72.048648, 51.195648 ], [ 72.048055, 51.186669 ], [ 72.047463, 51.177689 ], [ 72.04687, 51.16871 ], [ 72.032587, 51.169081 ], [ 72.033177, 51.178061 ] ] ], [ [ [ 72.021241, 51.21435 ], [ 72.02183, 51.223329 ], [ 72.03613, 51.222959 ], [ 72.050429, 51.222587 ], [ 72.049835, 51.213607 ], [ 72.035538, 51.213979 ], [ 72.021241, 51.21435 ] ] ], [ [ [ 71.96636, 51.251734 ], [ 71.98067, 51.25137 ], [ 71.980089, 51.24239 ], [ 71.965782, 51.242754 ], [ 71.96636, 51.251734 ] ] ], [ [ [ 72.024186, 51.259248 ], [ 72.023597, 51.250268 ], [ 72.009288, 51.250637 ], [ 72.009875, 51.259617 ], [ 72.024186, 51.259248 ] ] ], [ [ [ 71.968676, 51.287654 ], [ 71.969256, 51.296634 ], [ 71.969836, 51.305614 ], [ 71.984162, 51.305249 ], [ 71.983579, 51.296269 ], [ 71.982997, 51.287289 ], [ 71.968676, 51.287654 ] ] ], [ [ [ 71.998488, 51.304883 ], [ 72.012813, 51.304515 ], [ 72.012225, 51.295535 ], [ 71.997902, 51.295903 ], [ 71.998488, 51.304883 ] ] ], [ [ [ 72.012813, 51.304515 ], [ 72.013402, 51.313495 ], [ 72.02773, 51.313125 ], [ 72.027139, 51.304145 ], [ 72.012813, 51.304515 ] ] ], [ [ [ 72.043247, 51.330712 ], [ 72.042652, 51.321732 ], [ 72.056983, 51.321359 ], [ 72.056385, 51.31238 ], [ 72.042058, 51.312753 ], [ 72.02773, 51.313125 ], [ 72.028322, 51.322104 ], [ 72.028914, 51.331084 ], [ 72.029506, 51.340063 ], [ 72.043842, 51.339691 ], [ 72.058178, 51.339317 ], [ 72.05758, 51.330338 ], [ 72.043247, 51.330712 ] ] ], [ [ [ 71.99966, 51.322842 ], [ 72.013991, 51.322474 ], [ 72.013402, 51.313495 ], [ 71.999074, 51.313863 ], [ 71.99966, 51.322842 ] ] ], [ [ [ 71.986496, 51.341168 ], [ 71.985912, 51.332189 ], [ 71.971577, 51.332553 ], [ 71.972158, 51.341533 ], [ 71.986496, 51.341168 ] ] ], [ [ [ 71.987665, 51.359128 ], [ 72.002007, 51.358761 ], [ 72.00142, 51.349781 ], [ 71.98708, 51.350148 ], [ 71.987665, 51.359128 ] ] ], [ [ [ 72.046822, 51.384587 ], [ 72.046226, 51.375608 ], [ 72.045629, 51.366629 ], [ 72.031285, 51.367001 ], [ 72.031878, 51.37598 ], [ 72.032472, 51.38496 ], [ 72.046822, 51.384587 ] ] ], [ [ [ 71.98942, 51.386067 ], [ 72.003771, 51.3857 ], [ 72.018122, 51.38533 ], [ 72.017531, 51.376351 ], [ 72.003183, 51.37672 ], [ 71.988835, 51.377087 ], [ 71.98942, 51.386067 ] ] ] ] } }
]
}
